[
    {
        "difficulty": "medium",
        "record": {
            "index": "4",
            "is_train": 0,
            "small_pos": [
                "29.06",
                "33.72"
            ],
            "big_pos": [
                "43.88",
                "26.36"
            ],
            "first_success": "1",
            "success_rate": "10/10",
            "l2_cm": "3.52",
            "l2_small_cm": "1.66",
            "l2_big_cm": "1.36"
        }
    },
    {
        "difficulty": "medium",
        "record": {
            "index": "45",
            "is_train": 0,
            "small_pos": [
                "30.86",
                "24.19"
            ],
            "big_pos": [
                "43.50",
                "26.68"
            ],
            "first_success": "0",
            "success_rate": "1/10",
            "l2_cm": "4.79",
            "l2_small_cm": "1.65",
            "l2_big_cm": "1.41"
        }
    },
    {
        "difficulty": "medium",
        "record": {
            "index": "68",
            "is_train": 0,
            "small_pos": [
                "26.78",
                "32.53"
            ],
            "big_pos": [
                "38.94",
                "31.23"
            ],
            "first_success": "0",
            "success_rate": "0/10",
            "l2_cm": "6.58",
            "l2_small_cm": "1.96",
            "l2_big_cm": "0.77"
        }
    },
    {
        "difficulty": "hard",
        "record": {
            "index": "5",
            "is_train": 0,
            "small_pos": [
                "31.24",
                "24.73"
            ],
            "big_pos": [
                "37.99",
                "30.91"
            ],
            "first_success": "0",
            "success_rate": "0/10",
            "l2_cm": "6.67",
            "l2_small_cm": "1.48",
            "l2_big_cm": "0.99"
        }
    },
    {
        "difficulty": "medium",
        "record": {
            "index": "76",
            "is_train": 0,
            "small_pos": [
                "43.02",
                "35.67"
            ],
            "big_pos": [
                "31.91",
                "31.99"
            ],
            "first_success": "1",
            "success_rate": "9/10",
            "l2_cm": "6.43",
            "l2_small_cm": "1.94",
            "l2_big_cm": "0.91"
        }
    },
    {
        "difficulty": "hard",
        "record": {
            "index": "37",
            "is_train": 0,
            "small_pos": [
                "39.13",
                "35.45"
            ],
            "big_pos": [
                "51.19",
                "32.75"
            ],
            "first_success": "1",
            "success_rate": "9/10",
            "l2_cm": "9.10",
            "l2_small_cm": "1.95",
            "l2_big_cm": "0.32"
        }
    },
    {
        "difficulty": "easy",
        "record": {
            "index": "59",
            "is_train": 0,
            "small_pos": [
                "51.67",
                "32.21"
            ],
            "big_pos": [
                "37.23",
                "29.61"
            ],
            "first_success": "0",
            "success_rate": "5/10",
            "l2_cm": "2.30",
            "l2_small_cm": "1.85",
            "l2_big_cm": "0.45"
        }
    },
    {
        "difficulty": "easy",
        "record": {
            "index": "65",
            "is_train": 0,
            "small_pos": [
                "32.19",
                "23.76"
            ],
            "big_pos": [
                "46.82",
                "31.34"
            ],
            "first_success": "1",
            "success_rate": "9/9",
            "l2_cm": "3.63",
            "l2_small_cm": "0.78",
            "l2_big_cm": "0.68"
        }
    },
    {
        "difficulty": "medium",
        "record": {
            "index": "75",
            "is_train": 0,
            "small_pos": [
                "47.96",
                "30.69"
            ],
            "big_pos": [
                "27.54",
                "29.82"
            ],
            "first_success": "1",
            "success_rate": "3/10",
            "l2_cm": "6.27",
            "l2_small_cm": "2.08",
            "l2_big_cm": "0.50"
        }
    },
    {
        "difficulty": "easy",
        "record": {
            "index": "62",
            "is_train": 0,
            "small_pos": [
                "28.87",
                "31.66"
            ],
            "big_pos": [
                "43.78",
                "30.36"
            ],
            "first_success": "0",
            "success_rate": "8/10",
            "l2_cm": "3.58",
            "l2_small_cm": "1.09",
            "l2_big_cm": "0.42"
        }
    },
    {
        "difficulty": "medium",
        "record": {
            "index": "57",
            "is_train": 0,
            "small_pos": [
                "40.46",
                "31.34"
            ],
            "big_pos": [
                "28.58",
                "28.96"
            ],
            "first_success": "0",
            "success_rate": "0/10",
            "l2_cm": "4.00",
            "l2_small_cm": "1.68",
            "l2_big_cm": "0.42"
        }
    },
    {
        "difficulty": "easy",
        "record": {
            "index": "81",
            "is_train": 0,
            "small_pos": [
                "26.30",
                "24.73"
            ],
            "big_pos": [
                "38.27",
                "27.77"
            ],
            "first_success": "1",
            "success_rate": "10/10",
            "l2_cm": "2.38",
            "l2_small_cm": "0.75",
            "l2_big_cm": "1.06"
        }
    },
    {
        "difficulty": "hard",
        "record": {
            "index": "27",
            "is_train": 0,
            "small_pos": [
                "30.48",
                "33.94"
            ],
            "big_pos": [
                "45.30",
                "26.03"
            ],
            "first_success": "0",
            "success_rate": "3/10",
            "l2_cm": "4.62",
            "l2_small_cm": "1.18",
            "l2_big_cm": "1.66"
        }
    },
    {
        "difficulty": "hard",
        "record": {
            "index": "25",
            "is_train": 0,
            "small_pos": [
                "42.74",
                "27.66"
            ],
            "big_pos": [
                "29.82",
                "26.03"
            ],
            "first_success": "1",
            "success_rate": "10/10",
            "l2_cm": "5.90",
            "l2_small_cm": "0.71",
            "l2_big_cm": "1.53"
        }
    },
    {
        "difficulty": "medium",
        "record": {
            "index": "82",
            "is_train": 0,
            "small_pos": [
                "33.71",
                "30.36"
            ],
            "big_pos": [
                "46.54",
                "29.39"
            ],
            "first_success": "1",
            "success_rate": "7/10",
            "l2_cm": "2.28",
            "l2_small_cm": "0.70",
            "l2_big_cm": "1.58"
        }
    },
    {
        "difficulty": "easy",
        "record": {
            "index": "7",
            "is_train": 0,
            "small_pos": [
                "27.06",
                "23.97"
            ],
            "big_pos": [
                "43.50",
                "30.04"
            ],
            "first_success": "1",
            "success_rate": "10/10",
            "l2_cm": "1.94",
            "l2_small_cm": "0.94",
            "l2_big_cm": "0.50"
        }
    },
    {
        "difficulty": "easy",
        "record": {
            "index": "13",
            "is_train": 0,
            "small_pos": [
                "33.14",
                "31.34"
            ],
            "big_pos": [
                "49.20",
                "27.66"
            ],
            "first_success": "0",
            "success_rate": "3/10",
            "l2_cm": "3.55",
            "l2_small_cm": "0.92",
            "l2_big_cm": "0.69"
        }
    },
    {
        "difficulty": "medium",
        "record": {
            "index": "16",
            "is_train": 0,
            "small_pos": [
                "30.20",
                "30.69"
            ],
            "big_pos": [
                "41.22",
                "30.36"
            ],
            "first_success": "1",
            "success_rate": "7/10",
            "l2_cm": "5.18",
            "l2_small_cm": "2.22",
            "l2_big_cm": "0.67"
        }
    },
    {
        "difficulty": "easy",
        "record": {
            "index": "73",
            "is_train": 0,
            "small_pos": [
                "25.16",
                "34.91"
            ],
            "big_pos": [
                "44.64",
                "26.57"
            ],
            "first_success": "0",
            "success_rate": "0/10",
            "l2_cm": "3.11",
            "l2_small_cm": "0.18",
            "l2_big_cm": "1.56"
        }
    },
    {
        "difficulty": "hard",
        "record": {
            "index": "9",
            "is_train": 0,
            "small_pos": [
                "28.68",
                "23.97"
            ],
            "big_pos": [
                "48.34",
                "25.82"
            ],
            "first_success": "0",
            "success_rate": "4/10",
            "l2_cm": "7.91",
            "l2_small_cm": "0.68",
            "l2_big_cm": "1.05"
        }
    }
]