[
    {
        "difficulty": "hard",
        "record": {
            "index": "18",
            "front_img": "./test/front_18.png",
            "side_img": "./test/side_18.png",
            "small_pos": [
                "29.06",
                "32.64"
            ],
            "big_pos": [
                "40.93",
                "28.31"
            ],
            "first_success": "1",
            "success_rate": "7/10",
            "l2_cm": "4.04",
            "l2_small_cm": "1.95",
            "l2_big_cm": "1.69"
        }
    },
    {
        "difficulty": "hard",
        "record": {
            "index": "43",
            "front_img": "./test/front_43.png",
            "side_img": "./test/side_43.png",
            "small_pos": [
                "34.76",
                "31.56"
            ],
            "big_pos": [
                "48.72",
                "27.22"
            ],
            "first_success": "1",
            "success_rate": "6/10",
            "l2_cm": "3.63",
            "l2_small_cm": "0.94",
            "l2_big_cm": "0.35"
        }
    },
    {
        "difficulty": "medium",
        "record": {
            "index": "23",
            "front_img": "./test/front_23.png",
            "side_img": "./test/side_23.png",
            "small_pos": [
                "26.21",
                "27.98"
            ],
            "big_pos": [
                "45.30",
                "30.04"
            ],
            "first_success": "1",
            "success_rate": "10/10",
            "l2_cm": "3.76",
            "l2_small_cm": "1.21",
            "l2_big_cm": "1.01"
        }
    },
    {
        "difficulty": "hard",
        "record": {
            "index": "25",
            "front_img": "./test/front_25.png",
            "side_img": "./test/side_25.png",
            "small_pos": [
                "42.74",
                "27.66"
            ],
            "big_pos": [
                "29.82",
                "26.03"
            ],
            "first_success": "0",
            "success_rate": "0/10",
            "l2_cm": "5.90",
            "l2_small_cm": "0.71",
            "l2_big_cm": "1.53"
        }
    },
    {
        "difficulty": "medium",
        "record": {
            "index": "67",
            "front_img": "./test/front_67.png",
            "side_img": "./test/side_67.png",
            "small_pos": [
                "28.39",
                "30.26"
            ],
            "big_pos": [
                "45.11",
                "32.53"
            ],
            "first_success": "1",
            "success_rate": "7/10",
            "l2_cm": "5.54",
            "l2_small_cm": "0.84",
            "l2_big_cm": "1.47"
        }
    },
    {
        "difficulty": "hard",
        "record": {
            "index": "6",
            "front_img": "./test/front_6.png",
            "side_img": "./test/side_6.png",
            "small_pos": [
                "36.28",
                "35.35"
            ],
            "big_pos": [
                "27.82",
                "25.71"
            ],
            "first_success": "0",
            "success_rate": "0/10",
            "l2_cm": "1.58",
            "l2_small_cm": "0.71",
            "l2_big_cm": "0.73"
        }
    },
    {
        "difficulty": "medium",
        "record": {
            "index": "87",
            "front_img": "./test/front_87.png",
            "side_img": "./test/side_87.png",
            "small_pos": [
                "48.72",
                "28.20"
            ],
            "big_pos": [
                "36.94",
                "29.28"
            ],
            "first_success": "0",
            "success_rate": "1/10",
            "l2_cm": "3.06",
            "l2_small_cm": "0.34",
            "l2_big_cm": "0.72"
        }
    },
    {
        "difficulty": "easy",
        "record": {
            "index": "38",
            "front_img": "./test/front_38.png",
            "side_img": "./test/side_38.png",
            "small_pos": [
                "34.95",
                "32.31"
            ],
            "big_pos": [
                "48.91",
                "31.12"
            ],
            "first_success": "1",
            "success_rate": "6/10",
            "l2_cm": "3.07",
            "l2_small_cm": "1.62",
            "l2_big_cm": "1.40"
        }
    },
    {
        "difficulty": "hard",
        "record": {
            "index": "37",
            "front_img": "./test/front_37.png",
            "side_img": "./test/side_37.png",
            "small_pos": [
                "39.13",
                "35.45"
            ],
            "big_pos": [
                "51.19",
                "32.75"
            ],
            "first_success": "0",
            "success_rate": "0/10",
            "l2_cm": "9.10",
            "l2_small_cm": "1.95",
            "l2_big_cm": "0.32"
        }
    },
    {
        "difficulty": "easy",
        "record": {
            "index": "8",
            "front_img": "./test/front_8.png",
            "side_img": "./test/side_8.png",
            "small_pos": [
                "28.68",
                "25.60"
            ],
            "big_pos": [
                "39.32",
                "32.86"
            ],
            "first_success": "1",
            "success_rate": "10/10",
            "l2_cm": "5.52",
            "l2_small_cm": "0.51",
            "l2_big_cm": "0.91"
        }
    },
    {
        "difficulty": "easy",
        "record": {
            "index": "29",
            "front_img": "./test/front_29.png",
            "side_img": "./test/side_29.png",
            "small_pos": [
                "26.21",
                "24.95"
            ],
            "big_pos": [
                "41.60",
                "29.50"
            ],
            "first_success": "1",
            "success_rate": "7/10",
            "l2_cm": "4.13",
            "l2_small_cm": "0.79",
            "l2_big_cm": "1.49"
        }
    },
    {
        "difficulty": "medium",
        "record": {
            "index": "64",
            "front_img": "./test/front_64.png",
            "side_img": "./test/side_64.png",
            "small_pos": [
                "47.77",
                "35.89"
            ],
            "big_pos": [
                "28.20",
                "29.71"
            ],
            "first_success": "0",
            "success_rate": "0/10",
            "l2_cm": "2.85",
            "l2_small_cm": "1.78",
            "l2_big_cm": "0.35"
        }
    },
    {
        "difficulty": "hard",
        "record": {
            "index": "44",
            "front_img": "./test/front_44.png",
            "side_img": "./test/side_44.png",
            "small_pos": [
                "43.88",
                "28.63"
            ],
            "big_pos": [
                "35.23",
                "29.28"
            ],
            "first_success": "0",
            "success_rate": "0/10",
            "l2_cm": "3.95",
            "l2_small_cm": "1.85",
            "l2_big_cm": "1.30"
        }
    },
    {
        "difficulty": "easy",
        "record": {
            "index": "85",
            "front_img": "./test/front_85.png",
            "side_img": "./test/side_85.png",
            "small_pos": [
                "45.87",
                "28.42"
            ],
            "big_pos": [
                "33.43",
                "31.34"
            ],
            "first_success": "0",
            "success_rate": "6/10",
            "l2_cm": "2.04",
            "l2_small_cm": "0.43",
            "l2_big_cm": "0.67"
        }
    },
    {
        "difficulty": "easy",
        "record": {
            "index": "65",
            "front_img": "./test/front_65.png",
            "side_img": "./test/side_65.png",
            "small_pos": [
                "32.19",
                "23.76"
            ],
            "big_pos": [
                "46.82",
                "31.34"
            ],
            "first_success": "0",
            "success_rate": "1/10",
            "l2_cm": "3.63",
            "l2_small_cm": "0.78",
            "l2_big_cm": "0.68"
        }
    },
    {
        "difficulty": "easy",
        "record": {
            "index": "7",
            "front_img": "./test/front_7.png",
            "side_img": "./test/side_7.png",
            "small_pos": [
                "27.06",
                "23.97"
            ],
            "big_pos": [
                "43.50",
                "30.04"
            ],
            "first_success": "0",
            "success_rate": "7/10",
            "l2_cm": "1.94",
            "l2_small_cm": "0.94",
            "l2_big_cm": "0.50"
        }
    },
    {
        "difficulty": "easy",
        "record": {
            "index": "53",
            "front_img": "./test/front_53.png",
            "side_img": "./test/side_53.png",
            "small_pos": [
                "35.80",
                "27.77"
            ],
            "big_pos": [
                "49.20",
                "33.18"
            ],
            "first_success": "1",
            "success_rate": "9/10",
            "l2_cm": "6.63",
            "l2_small_cm": "1.47",
            "l2_big_cm": "1.43"
        }
    },
    {
        "difficulty": "hard",
        "record": {
            "index": "78",
            "front_img": "./test/front_78.png",
            "side_img": "./test/side_78.png",
            "small_pos": [
                "47.87",
                "25.49"
            ],
            "big_pos": [
                "34.28",
                "27.33"
            ],
            "first_success": "0",
            "success_rate": "1/10",
            "l2_cm": "6.87",
            "l2_small_cm": "1.24",
            "l2_big_cm": "0.44"
        }
    },
    {
        "difficulty": "medium",
        "record": {
            "index": "63",
            "front_img": "./test/front_63.png",
            "side_img": "./test/side_63.png",
            "small_pos": [
                "28.87",
                "23.76"
            ],
            "big_pos": [
                "41.22",
                "29.39"
            ],
            "first_success": "1",
            "success_rate": "8/10",
            "l2_cm": "3.17",
            "l2_small_cm": "0.77",
            "l2_big_cm": "1.62"
        }
    },
    {
        "difficulty": "medium",
        "record": {
            "index": "22",
            "front_img": "./test/front_22.png",
            "side_img": "./test/side_22.png",
            "small_pos": [
                "35.99",
                "35.45"
            ],
            "big_pos": [
                "47.01",
                "28.20"
            ],
            "first_success": "0",
            "success_rate": "2/10",
            "l2_cm": "4.10",
            "l2_small_cm": "0.55",
            "l2_big_cm": "2.05"
        }
    }
]