[
    {
        "difficulty": "easy",
        "record": {
            "index": "29",
            "front_img": "./test/front_29.png",
            "side_img": "./test/side_29.png",
            "small_pos": [
                "26.21",
                "24.95"
            ],
            "big_pos": [
                "41.60",
                "29.50"
            ],
            "first_success": "1",
            "success_rate": "7/10",
            "l2_cm": "4.13",
            "l2_small_cm": "0.79",
            "l2_big_cm": "1.49"
        }
    },
    {
        "difficulty": "NA",
        "record": {
            "index": "12",
            "front_img": "./test/front_12.png",
            "side_img": "./test/side_12.png",
            "small_pos": [
                "40.65",
                "28.42"
            ],
            "big_pos": [
                "27.73",
                "28.42"
            ],
            "first_success": "0",
            "success_rate": "2/10",
            "l2_cm": "3.08",
            "l2_small_cm": "0.54",
            "l2_big_cm": "1.40"
        }
    },
    {
        "difficulty": "easy",
        "record": {
            "index": "38",
            "front_img": "./test/front_38.png",
            "side_img": "./test/side_38.png",
            "small_pos": [
                "34.95",
                "32.31"
            ],
            "big_pos": [
                "48.91",
                "31.12"
            ],
            "first_success": "1",
            "success_rate": "6/10",
            "l2_cm": "3.07",
            "l2_small_cm": "1.62",
            "l2_big_cm": "1.40"
        }
    },
    {
        "difficulty": "medium",
        "record": {
            "index": "81",
            "front_img": "./test/front_81.png",
            "side_img": "./test/side_81.png",
            "small_pos": [
                "26.30",
                "24.73"
            ],
            "big_pos": [
                "38.27",
                "27.77"
            ],
            "first_success": "0",
            "success_rate": "5/10",
            "l2_cm": "2.38",
            "l2_small_cm": "0.75",
            "l2_big_cm": "1.06"
        }
    },
    {
        "difficulty": "hard",
        "record": {
            "index": "97",
            "front_img": "./test/front_97.png",
            "side_img": "./test/side_97.png",
            "small_pos": [
                "41.12",
                "34.59"
            ],
            "big_pos": [
                "27.35",
                "27.12"
            ],
            "first_success": "0",
            "success_rate": "0/10",
            "l2_cm": "4.37",
            "l2_small_cm": "1.42",
            "l2_big_cm": "0.66"
        }
    },
    {
        "difficulty": "medium",
        "record": {
            "index": "75",
            "front_img": "./test/front_75.png",
            "side_img": "./test/side_75.png",
            "small_pos": [
                "47.96",
                "30.69"
            ],
            "big_pos": [
                "27.54",
                "29.82"
            ],
            "first_success": "0",
            "success_rate": "3/10",
            "l2_cm": "6.27",
            "l2_small_cm": "2.08",
            "l2_big_cm": "0.50"
        }
    },
    {
        "difficulty": "medium",
        "record": {
            "index": "15",
            "front_img": "./test/front_15.png",
            "side_img": "./test/side_15.png",
            "small_pos": [
                "48.15",
                "30.04"
            ],
            "big_pos": [
                "38.94",
                "33.07"
            ],
            "first_success": "0",
            "success_rate": "1/10",
            "l2_cm": "4.42",
            "l2_small_cm": "2.15",
            "l2_big_cm": "1.07"
        }
    },
    {
        "difficulty": "hard",
        "record": {
            "index": "52",
            "front_img": "./test/front_52.png",
            "side_img": "./test/side_52.png",
            "small_pos": [
                "25.83",
                "33.72"
            ],
            "big_pos": [
                "34.66",
                "30.15"
            ],
            "first_success": "0",
            "success_rate": "0/10",
            "l2_cm": "8.20",
            "l2_small_cm": "0.87",
            "l2_big_cm": "0.68"
        }
    },
    {
        "difficulty": "medium",
        "record": {
            "index": "80",
            "front_img": "./test/front_80.png",
            "side_img": "./test/side_80.png",
            "small_pos": [
                "39.41",
                "35.35"
            ],
            "big_pos": [
                "27.82",
                "25.92"
            ],
            "first_success": "1",
            "success_rate": "5/10",
            "l2_cm": "4.30",
            "l2_small_cm": "1.72",
            "l2_big_cm": "0.83"
        }
    },
    {
        "difficulty": "hard",
        "record": {
            "index": "26",
            "front_img": "./test/front_26.png",
            "side_img": "./test/side_26.png",
            "small_pos": [
                "27.92",
                "35.56"
            ],
            "big_pos": [
                "38.08",
                "25.82"
            ],
            "first_success": "0",
            "success_rate": "2/10",
            "l2_cm": "5.95",
            "l2_small_cm": "0.57",
            "l2_big_cm": "1.50"
        }
    },
    {
        "difficulty": "hard",
        "record": {
            "index": "92",
            "front_img": "./test/front_92.png",
            "side_img": "./test/side_92.png",
            "small_pos": [
                "42.74",
                "27.98"
            ],
            "big_pos": [
                "32.10",
                "27.33"
            ],
            "first_success": "0",
            "success_rate": "0/10",
            "l2_cm": "5.81",
            "l2_small_cm": "1.02",
            "l2_big_cm": "1.15"
        }
    },
    {
        "difficulty": "medium",
        "record": {
            "index": "9",
            "front_img": "./test/front_9.png",
            "side_img": "./test/side_9.png",
            "small_pos": [
                "28.68",
                "23.97"
            ],
            "big_pos": [
                "48.34",
                "25.82"
            ],
            "first_success": "0",
            "success_rate": "0/10",
            "l2_cm": "7.91",
            "l2_small_cm": "0.68",
            "l2_big_cm": "1.05"
        }
    },
    {
        "difficulty": "hard",
        "record": {
            "index": "2",
            "front_img": "./test/front_2.png",
            "side_img": "./test/side_2.png",
            "small_pos": [
                "42.74",
                "34.91"
            ],
            "big_pos": [
                "29.25",
                "27.77"
            ],
            "first_success": "0",
            "success_rate": "2/10",
            "l2_cm": "4.61",
            "l2_small_cm": "1.56",
            "l2_big_cm": "1.26"
        }
    },
    {
        "difficulty": "hard",
        "record": {
            "index": "6",
            "front_img": "./test/front_6.png",
            "side_img": "./test/side_6.png",
            "small_pos": [
                "36.28",
                "35.35"
            ],
            "big_pos": [
                "27.82",
                "25.71"
            ],
            "first_success": "0",
            "success_rate": "0/10",
            "l2_cm": "1.58",
            "l2_small_cm": "0.71",
            "l2_big_cm": "0.73"
        }
    },
    {
        "difficulty": "medium",
        "record": {
            "index": "71",
            "front_img": "./test/front_71.png",
            "side_img": "./test/side_71.png",
            "small_pos": [
                "27.73",
                "28.96"
            ],
            "big_pos": [
                "38.46",
                "30.36"
            ],
            "first_success": "0",
            "success_rate": "8/10",
            "l2_cm": "6.30",
            "l2_small_cm": "2.06",
            "l2_big_cm": "1.51"
        }
    },
    {
        "difficulty": "medium",
        "record": {
            "index": "84",
            "front_img": "./test/front_84.png",
            "side_img": "./test/side_84.png",
            "small_pos": [
                "27.54",
                "34.05"
            ],
            "big_pos": [
                "44.26",
                "26.90"
            ],
            "first_success": "1",
            "success_rate": "5/10",
            "l2_cm": "2.73",
            "l2_small_cm": "1.06",
            "l2_big_cm": "1.13"
        }
    },
    {
        "difficulty": "hard",
        "record": {
            "index": "88",
            "front_img": "./test/front_88.png",
            "side_img": "./test/side_88.png",
            "small_pos": [
                "29.34",
                "25.49"
            ],
            "big_pos": [
                "37.13",
                "26.68"
            ],
            "first_success": "0",
            "success_rate": "1/10",
            "l2_cm": "5.18",
            "l2_small_cm": "0.61",
            "l2_big_cm": "1.89"
        }
    },
    {
        "difficulty": "hard",
        "record": {
            "index": "20",
            "front_img": "./test/front_20.png",
            "side_img": "./test/side_20.png",
            "small_pos": [
                "44.83",
                "24.95"
            ],
            "big_pos": [
                "37.61",
                "28.31"
            ],
            "first_success": "0",
            "success_rate": "0/10",
            "l2_cm": "5.88",
            "l2_small_cm": "2.06",
            "l2_big_cm": "1.80"
        }
    },
    {
        "difficulty": "hard",
        "record": {
            "index": "24",
            "front_img": "./test/front_24.png",
            "side_img": "./test/side_24.png",
            "small_pos": [
                "30.48",
                "23.76"
            ],
            "big_pos": [
                "50.81",
                "27.98"
            ],
            "first_success": "0",
            "success_rate": "0/10",
            "l2_cm": "9.15",
            "l2_small_cm": "1.66",
            "l2_big_cm": "1.03"
        }
    },
    {
        "difficulty": "medium",
        "record": {
            "index": "96",
            "front_img": "./test/front_96.png",
            "side_img": "./test/side_96.png",
            "small_pos": [
                "32.19",
                "31.34"
            ],
            "big_pos": [
                "44.35",
                "28.63"
            ],
            "first_success": "0",
            "success_rate": "3/10",
            "l2_cm": "2.57",
            "l2_small_cm": "0.69",
            "l2_big_cm": "0.72"
        }
    }
]