[
    {
        "difficulty": "hard",
        "record": {
            "index": "83",
            "is_train": 0,
            "small_pos": [
                "30.77",
                "27.66"
            ],
            "big_pos": [
                "42.74",
                "25.82"
            ],
            "first_success": "0",
            "success_rate": "6/10",
            "l2_cm": "5.43",
            "l2_small_cm": "1.82",
            "l2_big_cm": "1.40"
        }
    },
    {
        "difficulty": "easy",
        "record": {
            "index": "94",
            "is_train": 0,
            "small_pos": [
                "26.78",
                "32.10"
            ],
            "big_pos": [
                "46.92",
                "28.09"
            ],
            "first_success": "1",
            "success_rate": "10/10",
            "l2_cm": "5.56",
            "l2_small_cm": "1.64",
            "l2_big_cm": "2.12"
        }
    },
    {
        "difficulty": "hard",
        "record": {
            "index": "11",
            "is_train": 0,
            "small_pos": [
                "46.44",
                "31.66"
            ],
            "big_pos": [
                "30.39",
                "32.10"
            ],
            "first_success": "0",
            "success_rate": "4/10",
            "l2_cm": "6.42",
            "l2_small_cm": "0.56",
            "l2_big_cm": "0.62"
        }
    },
    {
        "difficulty": "medium",
        "record": {
            "index": "39",
            "is_train": 0,
            "small_pos": [
                "27.06",
                "23.54"
            ],
            "big_pos": [
                "41.22",
                "28.09"
            ],
            "first_success": "1",
            "success_rate": "9/10",
            "l2_cm": "4.42",
            "l2_small_cm": "1.04",
            "l2_big_cm": "1.34"
        }
    },
    {
        "difficulty": "easy",
        "record": {
            "index": "46",
            "is_train": 0,
            "small_pos": [
                "44.54",
                "31.99"
            ],
            "big_pos": [
                "37.04",
                "28.31"
            ],
            "first_success": "0",
            "success_rate": "0/10",
            "l2_cm": "4.76",
            "l2_small_cm": "1.46",
            "l2_big_cm": "1.69"
        }
    },
    {
        "difficulty": "NA",
        "record": {
            "index": "71",
            "is_train": 0,
            "small_pos": [
                "27.73",
                "28.96"
            ],
            "big_pos": [
                "38.46",
                "30.36"
            ],
            "first_success": "1",
            "success_rate": "8/10",
            "l2_cm": "6.30",
            "l2_small_cm": "2.06",
            "l2_big_cm": "1.51"
        }
    },
    {
        "difficulty": "easy",
        "record": {
            "index": "58",
            "is_train": 0,
            "small_pos": [
                "41.88",
                "25.71"
            ],
            "big_pos": [
                "31.91",
                "30.15"
            ],
            "first_success": "1",
            "success_rate": "9/10",
            "l2_cm": "3.19",
            "l2_small_cm": "0.93",
            "l2_big_cm": "0.17"
        }
    },
    {
        "difficulty": "easy",
        "record": {
            "index": "6",
            "is_train": 0,
            "small_pos": [
                "36.28",
                "35.35"
            ],
            "big_pos": [
                "27.82",
                "25.71"
            ],
            "first_success": "0",
            "success_rate": "2/10",
            "l2_cm": "1.58",
            "l2_small_cm": "0.71",
            "l2_big_cm": "0.73"
        }
    },
    {
        "difficulty": "easy",
        "record": {
            "index": "73",
            "is_train": 0,
            "small_pos": [
                "25.16",
                "34.91"
            ],
            "big_pos": [
                "44.64",
                "26.57"
            ],
            "first_success": "0",
            "success_rate": "0/10",
            "l2_cm": "3.11",
            "l2_small_cm": "0.18",
            "l2_big_cm": "1.56"
        }
    },
    {
        "difficulty": "medium",
        "record": {
            "index": "50",
            "is_train": 0,
            "small_pos": [
                "29.06",
                "24.52"
            ],
            "big_pos": [
                "38.18",
                "30.04"
            ],
            "first_success": "1",
            "success_rate": "10/10",
            "l2_cm": "5.66",
            "l2_small_cm": "1.18",
            "l2_big_cm": "1.18"
        }
    },
    {
        "difficulty": "hard",
        "record": {
            "index": "31",
            "is_train": 0,
            "small_pos": [
                "50.53",
                "33.18"
            ],
            "big_pos": [
                "27.54",
                "25.27"
            ],
            "first_success": "0",
            "success_rate": "2/10",
            "l2_cm": "4.10",
            "l2_small_cm": "0.56",
            "l2_big_cm": "0.54"
        }
    },
    {
        "difficulty": "NA",
        "record": {
            "index": "38",
            "is_train": 0,
            "small_pos": [
                "34.95",
                "32.31"
            ],
            "big_pos": [
                "48.91",
                "31.12"
            ],
            "first_success": "0",
            "success_rate": "2/10",
            "l2_cm": "3.07",
            "l2_small_cm": "1.62",
            "l2_big_cm": "1.40"
        }
    },
    {
        "difficulty": "NA",
        "record": {
            "index": "23",
            "is_train": 0,
            "small_pos": [
                "26.21",
                "27.98"
            ],
            "big_pos": [
                "45.30",
                "30.04"
            ],
            "first_success": "1",
            "success_rate": "9/10",
            "l2_cm": "3.76",
            "l2_small_cm": "1.21",
            "l2_big_cm": "1.01"
        }
    },
    {
        "difficulty": "hard",
        "record": {
            "index": "49",
            "is_train": 0,
            "small_pos": [
                "50.34",
                "35.89"
            ],
            "big_pos": [
                "38.94",
                "30.15"
            ],
            "first_success": "0",
            "success_rate": "0/10",
            "l2_cm": "4.85",
            "l2_small_cm": "0.36",
            "l2_big_cm": "1.36"
        }
    },
    {
        "difficulty": "easy",
        "record": {
            "index": "91",
            "is_train": 0,
            "small_pos": [
                "31.72",
                "29.82"
            ],
            "big_pos": [
                "42.36",
                "32.42"
            ],
            "first_success": "0",
            "success_rate": "0/10",
            "l2_cm": "5.19",
            "l2_small_cm": "0.87",
            "l2_big_cm": "0.77"
        }
    },
    {
        "difficulty": "easy",
        "record": {
            "index": "63",
            "is_train": 0,
            "small_pos": [
                "28.87",
                "23.76"
            ],
            "big_pos": [
                "41.22",
                "29.39"
            ],
            "first_success": "1",
            "success_rate": "10/10",
            "l2_cm": "3.17",
            "l2_small_cm": "0.77",
            "l2_big_cm": "1.62"
        }
    },
    {
        "difficulty": "hard",
        "record": {
            "index": "52",
            "is_train": 0,
            "small_pos": [
                "25.83",
                "33.72"
            ],
            "big_pos": [
                "34.66",
                "30.15"
            ],
            "first_success": "0",
            "success_rate": "0/10",
            "l2_cm": "8.20",
            "l2_small_cm": "0.87",
            "l2_big_cm": "0.68"
        }
    },
    {
        "difficulty": "medium",
        "record": {
            "index": "14",
            "is_train": 0,
            "small_pos": [
                "35.71",
                "33.83"
            ],
            "big_pos": [
                "46.92",
                "33.61"
            ],
            "first_success": "1",
            "success_rate": "8/10",
            "l2_cm": "5.84",
            "l2_small_cm": "1.37",
            "l2_big_cm": "1.62"
        }
    },
    {
        "difficulty": "medium",
        "record": {
            "index": "72",
            "is_train": 0,
            "small_pos": [
                "27.54",
                "29.82"
            ],
            "big_pos": [
                "49.77",
                "30.91"
            ],
            "first_success": "0",
            "success_rate": "0/10",
            "l2_cm": "7.16",
            "l2_small_cm": "1.26",
            "l2_big_cm": "1.12"
        }
    },
    {
        "difficulty": "easy",
        "record": {
            "index": "77",
            "is_train": 0,
            "small_pos": [
                "28.77",
                "23.76"
            ],
            "big_pos": [
                "45.97",
                "26.25"
            ],
            "first_success": "1",
            "success_rate": "10/10",
            "l2_cm": "5.82",
            "l2_small_cm": "0.79",
            "l2_big_cm": "1.62"
        }
    }
]