[
    {
        "difficulty": "hard",
        "record": {
            "index": "65",
            "front_img": "./test/front_65.png",
            "side_img": "./test/side_65.png",
            "small_pos": [
                "32.19",
                "23.76"
            ],
            "big_pos": [
                "46.82",
                "31.34"
            ],
            "first_success": "0",
            "success_rate": "10/11",
            "l2_cm": "3.63",
            "l2_small_cm": "0.78",
            "l2_big_cm": "0.68"
        }
    },
    {
        "difficulty": "medium",
        "record": {
            "index": "62",
            "front_img": "./test/front_62.png",
            "side_img": "./test/side_62.png",
            "small_pos": [
                "28.87",
                "31.66"
            ],
            "big_pos": [
                "43.78",
                "30.36"
            ],
            "first_success": "0",
            "success_rate": "7/10",
            "l2_cm": "3.58",
            "l2_small_cm": "1.09",
            "l2_big_cm": "0.42"
        }
    },
    {
        "difficulty": "hard",
        "record": {
            "index": "87",
            "front_img": "./test/front_87.png",
            "side_img": "./test/side_87.png",
            "small_pos": [
                "48.72",
                "28.20"
            ],
            "big_pos": [
                "36.94",
                "29.28"
            ],
            "first_success": "0",
            "success_rate": "2/10",
            "l2_cm": "3.06",
            "l2_small_cm": "0.34",
            "l2_big_cm": "0.72"
        }
    },
    {
        "difficulty": "medium",
        "record": {
            "index": "86",
            "front_img": "./test/front_86.png",
            "side_img": "./test/side_86.png",
            "small_pos": [
                "28.68",
                "29.06"
            ],
            "big_pos": [
                "43.50",
                "26.90"
            ],
            "first_success": "0",
            "success_rate": "0/10",
            "l2_cm": "3.26",
            "l2_small_cm": "2.05",
            "l2_big_cm": "1.21"
        }
    },
    {
        "difficulty": "hard",
        "record": {
            "index": "20",
            "front_img": "./test/front_20.png",
            "side_img": "./test/side_20.png",
            "small_pos": [
                "44.83",
                "24.95"
            ],
            "big_pos": [
                "37.61",
                "28.31"
            ],
            "first_success": "0",
            "success_rate": "0/10",
            "l2_cm": "5.88",
            "l2_small_cm": "2.06",
            "l2_big_cm": "1.80"
        }
    },
    {
        "difficulty": "hard",
        "record": {
            "index": "33",
            "front_img": "./test/front_33.png",
            "side_img": "./test/side_33.png",
            "small_pos": [
                "27.63",
                "28.52"
            ],
            "big_pos": [
                "35.61",
                "27.22"
            ],
            "first_success": "0",
            "success_rate": "3/10",
            "l2_cm": "5.80",
            "l2_small_cm": "1.65",
            "l2_big_cm": "0.99"
        }
    },
    {
        "difficulty": "easy",
        "record": {
            "index": "6",
            "front_img": "./test/front_6.png",
            "side_img": "./test/side_6.png",
            "small_pos": [
                "36.28",
                "35.35"
            ],
            "big_pos": [
                "27.82",
                "25.71"
            ],
            "first_success": "0",
            "success_rate": "0/10",
            "l2_cm": "1.58",
            "l2_small_cm": "0.71",
            "l2_big_cm": "0.73"
        }
    },
    {
        "difficulty": "medium",
        "record": {
            "index": "67",
            "front_img": "./test/front_67.png",
            "side_img": "./test/side_67.png",
            "small_pos": [
                "28.39",
                "30.26"
            ],
            "big_pos": [
                "45.11",
                "32.53"
            ],
            "first_success": "1",
            "success_rate": "8/10",
            "l2_cm": "5.54",
            "l2_small_cm": "0.84",
            "l2_big_cm": "1.47"
        }
    },
    {
        "difficulty": "medium",
        "record": {
            "index": "68",
            "front_img": "./test/front_68.png",
            "side_img": "./test/side_68.png",
            "small_pos": [
                "26.78",
                "32.53"
            ],
            "big_pos": [
                "38.94",
                "31.23"
            ],
            "first_success": "1",
            "success_rate": "5/10",
            "l2_cm": "6.58",
            "l2_small_cm": "1.96",
            "l2_big_cm": "0.77"
        }
    },
    {
        "difficulty": "hard",
        "record": {
            "index": "0",
            "front_img": "./test/front_0.png",
            "side_img": "./test/side_0.png",
            "small_pos": [
                "30.10",
                "24.84"
            ],
            "big_pos": [
                "35.04",
                "30.69"
            ],
            "first_success": "0",
            "success_rate": "5/10",
            "l2_cm": "2.85",
            "l2_small_cm": "1.60",
            "l2_big_cm": "0.31"
        }
    },
    {
        "difficulty": "medium",
        "record": {
            "index": "38",
            "front_img": "./test/front_38.png",
            "side_img": "./test/side_38.png",
            "small_pos": [
                "34.95",
                "32.31"
            ],
            "big_pos": [
                "48.91",
                "31.12"
            ],
            "first_success": "1",
            "success_rate": "9/10",
            "l2_cm": "3.07",
            "l2_small_cm": "1.62",
            "l2_big_cm": "1.40"
        }
    },
    {
        "difficulty": "hard",
        "record": {
            "index": "9",
            "front_img": "./test/front_9.png",
            "side_img": "./test/side_9.png",
            "small_pos": [
                "28.68",
                "23.97"
            ],
            "big_pos": [
                "48.34",
                "25.82"
            ],
            "first_success": "0",
            "success_rate": "5/10",
            "l2_cm": "7.91",
            "l2_small_cm": "0.68",
            "l2_big_cm": "1.05"
        }
    },
    {
        "difficulty": "easy",
        "record": {
            "index": "96",
            "front_img": "./test/front_96.png",
            "side_img": "./test/side_96.png",
            "small_pos": [
                "32.19",
                "31.34"
            ],
            "big_pos": [
                "44.35",
                "28.63"
            ],
            "first_success": "0",
            "success_rate": "7/10",
            "l2_cm": "2.57",
            "l2_small_cm": "0.69",
            "l2_big_cm": "0.72"
        }
    },
    {
        "difficulty": "hard",
        "record": {
            "index": "43",
            "front_img": "./test/front_43.png",
            "side_img": "./test/side_43.png",
            "small_pos": [
                "34.76",
                "31.56"
            ],
            "big_pos": [
                "48.72",
                "27.22"
            ],
            "first_success": "0",
            "success_rate": "2/10",
            "l2_cm": "3.63",
            "l2_small_cm": "0.94",
            "l2_big_cm": "0.35"
        }
    },
    {
        "difficulty": "medium",
        "record": {
            "index": "90",
            "front_img": "./test/front_90.png",
            "side_img": "./test/side_90.png",
            "small_pos": [
                "27.35",
                "30.47"
            ],
            "big_pos": [
                "50.43",
                "30.58"
            ],
            "first_success": "0",
            "success_rate": "3/10",
            "l2_cm": "5.92",
            "l2_small_cm": "0.84",
            "l2_big_cm": "1.48"
        }
    },
    {
        "difficulty": "medium",
        "record": {
            "index": "14",
            "front_img": "./test/front_14.png",
            "side_img": "./test/side_14.png",
            "small_pos": [
                "35.71",
                "33.83"
            ],
            "big_pos": [
                "46.92",
                "33.61"
            ],
            "first_success": "0",
            "success_rate": "6/10",
            "l2_cm": "5.84",
            "l2_small_cm": "1.37",
            "l2_big_cm": "1.62"
        }
    },
    {
        "difficulty": "hard",
        "record": {
            "index": "32",
            "front_img": "./test/front_32.png",
            "side_img": "./test/side_32.png",
            "small_pos": [
                "50.15",
                "31.56"
            ],
            "big_pos": [
                "38.27",
                "28.52"
            ],
            "first_success": "0",
            "success_rate": "0/10",
            "l2_cm": "3.40",
            "l2_small_cm": "1.45",
            "l2_big_cm": "1.69"
        }
    },
    {
        "difficulty": "hard",
        "record": {
            "index": "66",
            "front_img": "./test/front_66.png",
            "side_img": "./test/side_66.png",
            "small_pos": [
                "27.92",
                "24.52"
            ],
            "big_pos": [
                "40.74",
                "29.06"
            ],
            "first_success": "1",
            "success_rate": "7/10",
            "l2_cm": "3.98",
            "l2_small_cm": "0.52",
            "l2_big_cm": "1.95"
        }
    },
    {
        "difficulty": "medium",
        "record": {
            "index": "85",
            "front_img": "./test/front_85.png",
            "side_img": "./test/side_85.png",
            "small_pos": [
                "45.87",
                "28.42"
            ],
            "big_pos": [
                "33.43",
                "31.34"
            ],
            "first_success": "1",
            "success_rate": "10/10",
            "l2_cm": "2.04",
            "l2_small_cm": "0.43",
            "l2_big_cm": "0.67"
        }
    },
    {
        "difficulty": "hard",
        "record": {
            "index": "13",
            "front_img": "./test/front_13.png",
            "side_img": "./test/side_13.png",
            "small_pos": [
                "33.14",
                "31.34"
            ],
            "big_pos": [
                "49.20",
                "27.66"
            ],
            "first_success": "1",
            "success_rate": "3/10",
            "l2_cm": "3.55",
            "l2_small_cm": "0.92",
            "l2_big_cm": "0.69"
        }
    }
]