[
    {
        "difficulty": "hard",
        "record": {
            "index": "33",
            "front_img": "./test/front_33.png",
            "side_img": "./test/side_33.png",
            "small_pos": [
                "27.63",
                "28.52"
            ],
            "big_pos": [
                "35.61",
                "27.22"
            ],
            "first_success": "0",
            "success_rate": "1/10",
            "l2_cm": "5.80",
            "l2_small_cm": "1.65",
            "l2_big_cm": "0.99"
        }
    },
    {
        "difficulty": "hard",
        "record": {
            "index": "73",
            "front_img": "./test/front_73.png",
            "side_img": "./test/side_73.png",
            "small_pos": [
                "25.16",
                "34.91"
            ],
            "big_pos": [
                "44.64",
                "26.57"
            ],
            "first_success": "0",
            "success_rate": "0/10",
            "l2_cm": "3.11",
            "l2_small_cm": "0.18",
            "l2_big_cm": "1.56"
        }
    },
    {
        "difficulty": "hard",
        "record": {
            "index": "98",
            "front_img": "./test/front_98.png",
            "side_img": "./test/side_98.png",
            "small_pos": [
                "33.81",
                "25.17"
            ],
            "big_pos": [
                "36.56",
                "30.69"
            ],
            "first_success": "0",
            "success_rate": "0/10",
            "l2_cm": "7.30",
            "l2_small_cm": "0.86",
            "l2_big_cm": "0.54"
        }
    },
    {
        "difficulty": "easy",
        "record": {
            "index": "54",
            "front_img": "./test/front_54.png",
            "side_img": "./test/side_54.png",
            "small_pos": [
                "29.15",
                "23.87"
            ],
            "big_pos": [
                "42.93",
                "28.74"
            ],
            "first_success": "1",
            "success_rate": "2/10",
            "l2_cm": "3.14",
            "l2_small_cm": "0.88",
            "l2_big_cm": "0.27"
        }
    },
    {
        "difficulty": "hard",
        "record": {
            "index": "95",
            "front_img": "./test/front_95.png",
            "side_img": "./test/side_95.png",
            "small_pos": [
                "50.91",
                "32.75"
            ],
            "big_pos": [
                "36.75",
                "32.64"
            ],
            "first_success": "0",
            "success_rate": "0/10",
            "l2_cm": "3.59",
            "l2_small_cm": "0.94",
            "l2_big_cm": "0.69"
        }
    },
    {
        "difficulty": "hard",
        "record": {
            "index": "43",
            "front_img": "./test/front_43.png",
            "side_img": "./test/side_43.png",
            "small_pos": [
                "34.76",
                "31.56"
            ],
            "big_pos": [
                "48.72",
                "27.22"
            ],
            "first_success": "1",
            "success_rate": "6/10",
            "l2_cm": "3.63",
            "l2_small_cm": "0.94",
            "l2_big_cm": "0.35"
        }
    },
    {
        "difficulty": "hard",
        "record": {
            "index": "55",
            "front_img": "./test/front_55.png",
            "side_img": "./test/side_55.png",
            "small_pos": [
                "39.51",
                "26.25"
            ],
            "big_pos": [
                "51.10",
                "28.31"
            ],
            "first_success": "0",
            "success_rate": "8/10",
            "l2_cm": "6.15",
            "l2_small_cm": "1.51",
            "l2_big_cm": "0.70"
        }
    },
    {
        "difficulty": "hard",
        "record": {
            "index": "48",
            "front_img": "./test/front_48.png",
            "side_img": "./test/side_48.png",
            "small_pos": [
                "52.05",
                "34.70"
            ],
            "big_pos": [
                "40.55",
                "30.15"
            ],
            "first_success": "0",
            "success_rate": "0/10",
            "l2_cm": "6.22",
            "l2_small_cm": "0.31",
            "l2_big_cm": "0.96"
        }
    },
    {
        "difficulty": "hard",
        "record": {
            "index": "88",
            "front_img": "./test/front_88.png",
            "side_img": "./test/side_88.png",
            "small_pos": [
                "29.34",
                "25.49"
            ],
            "big_pos": [
                "37.13",
                "26.68"
            ],
            "first_success": "0",
            "success_rate": "1/10",
            "l2_cm": "5.18",
            "l2_small_cm": "0.61",
            "l2_big_cm": "1.89"
        }
    },
    {
        "difficulty": "medium",
        "record": {
            "index": "64",
            "front_img": "./test/front_64.png",
            "side_img": "./test/side_64.png",
            "small_pos": [
                "47.77",
                "35.89"
            ],
            "big_pos": [
                "28.20",
                "29.71"
            ],
            "first_success": "0",
            "success_rate": "0/10",
            "l2_cm": "2.85",
            "l2_small_cm": "1.78",
            "l2_big_cm": "0.35"
        }
    },
    {
        "difficulty": "hard",
        "record": {
            "index": "97",
            "front_img": "./test/front_97.png",
            "side_img": "./test/side_97.png",
            "small_pos": [
                "41.12",
                "34.59"
            ],
            "big_pos": [
                "27.35",
                "27.12"
            ],
            "first_success": "0",
            "success_rate": "0/10",
            "l2_cm": "4.37",
            "l2_small_cm": "1.42",
            "l2_big_cm": "0.66"
        }
    },
    {
        "difficulty": "hard",
        "record": {
            "index": "68",
            "front_img": "./test/front_68.png",
            "side_img": "./test/side_68.png",
            "small_pos": [
                "26.78",
                "32.53"
            ],
            "big_pos": [
                "38.94",
                "31.23"
            ],
            "first_success": "1",
            "success_rate": "6/10",
            "l2_cm": "6.58",
            "l2_small_cm": "1.96",
            "l2_big_cm": "0.77"
        }
    },
    {
        "difficulty": "hard",
        "record": {
            "index": "16",
            "front_img": "./test/front_16.png",
            "side_img": "./test/side_16.png",
            "small_pos": [
                "30.20",
                "30.69"
            ],
            "big_pos": [
                "41.22",
                "30.36"
            ],
            "first_success": "0",
            "success_rate": "2/10",
            "l2_cm": "5.18",
            "l2_small_cm": "2.22",
            "l2_big_cm": "0.67"
        }
    },
    {
        "difficulty": "hard",
        "record": {
            "index": "9",
            "front_img": "./test/front_9.png",
            "side_img": "./test/side_9.png",
            "small_pos": [
                "28.68",
                "23.97"
            ],
            "big_pos": [
                "48.34",
                "25.82"
            ],
            "first_success": "0",
            "success_rate": "0/10",
            "l2_cm": "7.91",
            "l2_small_cm": "0.68",
            "l2_big_cm": "1.05"
        }
    },
    {
        "difficulty": "medium",
        "record": {
            "index": "84",
            "front_img": "./test/front_84.png",
            "side_img": "./test/side_84.png",
            "small_pos": [
                "27.54",
                "34.05"
            ],
            "big_pos": [
                "44.26",
                "26.90"
            ],
            "first_success": "1",
            "success_rate": "5/10",
            "l2_cm": "2.73",
            "l2_small_cm": "1.06",
            "l2_big_cm": "1.13"
        }
    },
    {
        "difficulty": "easy",
        "record": {
            "index": "8",
            "front_img": "./test/front_8.png",
            "side_img": "./test/side_8.png",
            "small_pos": [
                "28.68",
                "25.60"
            ],
            "big_pos": [
                "39.32",
                "32.86"
            ],
            "first_success": "1",
            "success_rate": "10/10",
            "l2_cm": "5.52",
            "l2_small_cm": "0.51",
            "l2_big_cm": "0.91"
        }
    },
    {
        "difficulty": "hard",
        "record": {
            "index": "83",
            "front_img": "./test/front_83.png",
            "side_img": "./test/side_83.png",
            "small_pos": [
                "30.77",
                "27.66"
            ],
            "big_pos": [
                "42.74",
                "25.82"
            ],
            "first_success": "0",
            "success_rate": "1/10",
            "l2_cm": "5.43",
            "l2_small_cm": "1.82",
            "l2_big_cm": "1.40"
        }
    },
    {
        "difficulty": "medium",
        "record": {
            "index": "5",
            "front_img": "./test/front_5.png",
            "side_img": "./test/side_5.png",
            "small_pos": [
                "31.24",
                "24.73"
            ],
            "big_pos": [
                "37.99",
                "30.91"
            ],
            "first_success": "0",
            "success_rate": "0/10",
            "l2_cm": "6.67",
            "l2_small_cm": "1.48",
            "l2_big_cm": "0.99"
        }
    },
    {
        "difficulty": "easy",
        "record": {
            "index": "6",
            "front_img": "./test/front_6.png",
            "side_img": "./test/side_6.png",
            "small_pos": [
                "36.28",
                "35.35"
            ],
            "big_pos": [
                "27.82",
                "25.71"
            ],
            "first_success": "0",
            "success_rate": "0/10",
            "l2_cm": "1.58",
            "l2_small_cm": "0.71",
            "l2_big_cm": "0.73"
        }
    },
    {
        "difficulty": "hard",
        "record": {
            "index": "22",
            "front_img": "./test/front_22.png",
            "side_img": "./test/side_22.png",
            "small_pos": [
                "35.99",
                "35.45"
            ],
            "big_pos": [
                "47.01",
                "28.20"
            ],
            "first_success": "0",
            "success_rate": "2/10",
            "l2_cm": "4.10",
            "l2_small_cm": "0.55",
            "l2_big_cm": "2.05"
        }
    }
]