[
    {
        "difficulty": "medium",
        "record": {
            "index": "20",
            "first_success": "0",
            "success_rate": "0/10"
        }
    },
    {
        "difficulty": "easy",
        "record": {
            "index": "21",
            "first_success": "0",
            "success_rate": "0/10"
        }
    },
    {
        "difficulty": "easy",
        "record": {
            "index": "22",
            "first_success": "0",
            "success_rate": "1/10"
        }
    },
    {
        "difficulty": "medium",
        "record": {
            "index": "23",
            "first_success": "0",
            "success_rate": "0/10"
        }
    },
    {
        "difficulty": "hard",
        "record": {
            "index": "24",
            "first_success": "0",
            "success_rate": "1/10"
        }
    },
    {
        "difficulty": "NA",
        "record": {
            "index": "25",
            "first_success": "0",
            "success_rate": "0/10"
        }
    },
    {
        "difficulty": "easy",
        "record": {
            "index": "26",
            "first_success": "0",
            "success_rate": "0/10"
        }
    },
    {
        "difficulty": "medium",
        "record": {
            "index": "27",
            "first_success": "0",
            "success_rate": "0/10"
        }
    },
    {
        "difficulty": "medium",
        "record": {
            "index": "28",
            "first_success": "0",
            "success_rate": "0/10"
        }
    },
    {
        "difficulty": "hard",
        "record": {
            "index": "29",
            "first_success": "0",
            "success_rate": "0/10"
        }
    },
    {
        "difficulty": "medium",
        "record": {
            "index": "30",
            "first_success": "0",
            "success_rate": "0/10"
        }
    },
    {
        "difficulty": "hard",
        "record": {
            "index": "31",
            "first_success": "0",
            "success_rate": "0/10"
        }
    },
    {
        "difficulty": "hard",
        "record": {
            "index": "32",
            "first_success": "0",
            "success_rate": "0/10"
        }
    },
    {
        "difficulty": "hard",
        "record": {
            "index": "33",
            "first_success": "0",
            "success_rate": "0/10"
        }
    },
    {
        "difficulty": "hard",
        "record": {
            "index": "34",
            "first_success": "0",
            "success_rate": "0/10"
        }
    },
    {
        "difficulty": "hard",
        "record": {
            "index": "35",
            "first_success": "0",
            "success_rate": "0/10"
        }
    },
    {
        "difficulty": "medium",
        "record": {
            "index": "36",
            "first_success": "0",
            "success_rate": "0/10"
        }
    },
    {
        "difficulty": "hard",
        "record": {
            "index": "37",
            "first_success": "0",
            "success_rate": "0/10"
        }
    },
    {
        "difficulty": "hard",
        "record": {
            "index": "38",
            "first_success": "0",
            "success_rate": "0/10"
        }
    },
    {
        "difficulty": "hard",
        "record": {
            "index": "39",
            "first_success": "0",
            "success_rate": "0/10"
        }
    }
]