[
    {
        "difficulty": "NA",
        "record": {
            "index": "59",
            "is_train": 0,
            "small_pos": [
                "51.67",
                "32.21"
            ],
            "big_pos": [
                "37.23",
                "29.61"
            ],
            "first_success": "0",
            "success_rate": "5/10",
            "l2_cm": "2.30",
            "l2_small_cm": "1.85",
            "l2_big_cm": "0.45"
        }
    },
    {
        "difficulty": "medium",
        "record": {
            "index": "13",
            "is_train": 0,
            "small_pos": [
                "33.14",
                "31.34"
            ],
            "big_pos": [
                "49.20",
                "27.66"
            ],
            "first_success": "0",
            "success_rate": "3/10",
            "l2_cm": "3.55",
            "l2_small_cm": "0.92",
            "l2_big_cm": "0.69"
        }
    },
    {
        "difficulty": "easy",
        "record": {
            "index": "85",
            "is_train": 0,
            "small_pos": [
                "45.87",
                "28.42"
            ],
            "big_pos": [
                "33.43",
                "31.34"
            ],
            "first_success": "1",
            "success_rate": "10/10",
            "l2_cm": "2.04",
            "l2_small_cm": "0.43",
            "l2_big_cm": "0.67"
        }
    },
    {
        "difficulty": "medium",
        "record": {
            "index": "22",
            "is_train": 0,
            "small_pos": [
                "35.99",
                "35.45"
            ],
            "big_pos": [
                "47.01",
                "28.20"
            ],
            "first_success": "0",
            "success_rate": "2/10",
            "l2_cm": "4.10",
            "l2_small_cm": "0.55",
            "l2_big_cm": "2.05"
        }
    },
    {
        "difficulty": "hard",
        "record": {
            "index": "46",
            "is_train": 0,
            "small_pos": [
                "44.54",
                "31.99"
            ],
            "big_pos": [
                "37.04",
                "28.31"
            ],
            "first_success": "0",
            "success_rate": "0/10",
            "l2_cm": "4.76",
            "l2_small_cm": "1.46",
            "l2_big_cm": "1.69"
        }
    },
    {
        "difficulty": "hard",
        "record": {
            "index": "83",
            "is_train": 0,
            "small_pos": [
                "30.77",
                "27.66"
            ],
            "big_pos": [
                "42.74",
                "25.82"
            ],
            "first_success": "0",
            "success_rate": "6/10",
            "l2_cm": "5.43",
            "l2_small_cm": "1.82",
            "l2_big_cm": "1.40"
        }
    },
    {
        "difficulty": "hard",
        "record": {
            "index": "1",
            "is_train": 0,
            "small_pos": [
                "52.33",
                "28.09"
            ],
            "big_pos": [
                "43.50",
                "30.80"
            ],
            "first_success": "0",
            "success_rate": "0/10",
            "l2_cm": "6.71",
            "l2_small_cm": "0.35",
            "l2_big_cm": "0.54"
        }
    },
    {
        "difficulty": "hard",
        "record": {
            "index": "78",
            "is_train": 0,
            "small_pos": [
                "47.87",
                "25.49"
            ],
            "big_pos": [
                "34.28",
                "27.33"
            ],
            "first_success": "1",
            "success_rate": "1/10",
            "l2_cm": "6.87",
            "l2_small_cm": "1.24",
            "l2_big_cm": "0.44"
        }
    },
    {
        "difficulty": "medium",
        "record": {
            "index": "57",
            "is_train": 0,
            "small_pos": [
                "40.46",
                "31.34"
            ],
            "big_pos": [
                "28.58",
                "28.96"
            ],
            "first_success": "0",
            "success_rate": "0/10",
            "l2_cm": "4.00",
            "l2_small_cm": "1.68",
            "l2_big_cm": "0.42"
        }
    },
    {
        "difficulty": "medium",
        "record": {
            "index": "82",
            "is_train": 0,
            "small_pos": [
                "33.71",
                "30.36"
            ],
            "big_pos": [
                "46.54",
                "29.39"
            ],
            "first_success": "1",
            "success_rate": "7/10",
            "l2_cm": "2.28",
            "l2_small_cm": "0.70",
            "l2_big_cm": "1.58"
        }
    },
    {
        "difficulty": "hard",
        "record": {
            "index": "17",
            "is_train": 0,
            "small_pos": [
                "40.08",
                "30.04"
            ],
            "big_pos": [
                "26.78",
                "28.20"
            ],
            "first_success": "0",
            "success_rate": "0/10",
            "l2_cm": "4.36",
            "l2_small_cm": "2.18",
            "l2_big_cm": "0.80"
        }
    },
    {
        "difficulty": "easy",
        "record": {
            "index": "81",
            "is_train": 0,
            "small_pos": [
                "26.30",
                "24.73"
            ],
            "big_pos": [
                "38.27",
                "27.77"
            ],
            "first_success": "1",
            "success_rate": "10/10",
            "l2_cm": "2.38",
            "l2_small_cm": "0.75",
            "l2_big_cm": "1.06"
        }
    },
    {
        "difficulty": "NA",
        "record": {
            "index": "67",
            "is_train": 0,
            "small_pos": [
                "28.39",
                "30.26"
            ],
            "big_pos": [
                "45.11",
                "32.53"
            ],
            "first_success": "0",
            "success_rate": "7/10",
            "l2_cm": "5.54",
            "l2_small_cm": "0.84",
            "l2_big_cm": "1.47"
        }
    },
    {
        "difficulty": "hard",
        "record": {
            "index": "55",
            "is_train": 0,
            "small_pos": [
                "39.51",
                "26.25"
            ],
            "big_pos": [
                "51.10",
                "28.31"
            ],
            "first_success": "1",
            "success_rate": "10/10",
            "l2_cm": "6.15",
            "l2_small_cm": "1.51",
            "l2_big_cm": "0.70"
        }
    },
    {
        "difficulty": "medium",
        "record": {
            "index": "0",
            "is_train": 0,
            "small_pos": [
                "30.10",
                "24.84"
            ],
            "big_pos": [
                "35.04",
                "30.69"
            ],
            "first_success": "1",
            "success_rate": "2/10",
            "l2_cm": "2.85",
            "l2_small_cm": "1.60",
            "l2_big_cm": "0.31"
        }
    },
    {
        "difficulty": "easy",
        "record": {
            "index": "89",
            "is_train": 0,
            "small_pos": [
                "49.48",
                "25.06"
            ],
            "big_pos": [
                "33.81",
                "32.10"
            ],
            "first_success": "1",
            "success_rate": "2/10",
            "l2_cm": "4.93",
            "l2_small_cm": "1.06",
            "l2_big_cm": "0.22"
        }
    },
    {
        "difficulty": "hard",
        "record": {
            "index": "33",
            "is_train": 0,
            "small_pos": [
                "27.63",
                "28.52"
            ],
            "big_pos": [
                "35.61",
                "27.22"
            ],
            "first_success": "1",
            "success_rate": "5/10",
            "l2_cm": "5.80",
            "l2_small_cm": "1.65",
            "l2_big_cm": "0.99"
        }
    },
    {
        "difficulty": "medium",
        "record": {
            "index": "58",
            "is_train": 0,
            "small_pos": [
                "41.88",
                "25.71"
            ],
            "big_pos": [
                "31.91",
                "30.15"
            ],
            "first_success": "1",
            "success_rate": "9/10",
            "l2_cm": "3.19",
            "l2_small_cm": "0.93",
            "l2_big_cm": "0.17"
        }
    },
    {
        "difficulty": "medium",
        "record": {
            "index": "43",
            "is_train": 0,
            "small_pos": [
                "34.76",
                "31.56"
            ],
            "big_pos": [
                "48.72",
                "27.22"
            ],
            "first_success": "1",
            "success_rate": "7/10",
            "l2_cm": "3.63",
            "l2_small_cm": "0.94",
            "l2_big_cm": "0.35"
        }
    },
    {
        "difficulty": "hard",
        "record": {
            "index": "10",
            "is_train": 0,
            "small_pos": [
                "36.47",
                "27.01"
            ],
            "big_pos": [
                "47.87",
                "27.33"
            ],
            "first_success": "1",
            "success_rate": "10/10",
            "l2_cm": "4.96",
            "l2_small_cm": "2.48",
            "l2_big_cm": "1.18"
        }
    }
]