[
    {
        "difficulty": "hard",
        "record": {
            "index": "69",
            "is_train": 0,
            "small_pos": [
                "48.91",
                "24.30"
            ],
            "big_pos": [
                "31.72",
                "28.42"
            ],
            "first_success": "0",
            "success_rate": "0/10",
            "l2_cm": "5.56",
            "l2_small_cm": "1.30",
            "l2_big_cm": "1.59"
        }
    },
    {
        "difficulty": "medium",
        "record": {
            "index": "12",
            "is_train": 0,
            "small_pos": [
                "40.65",
                "28.42"
            ],
            "big_pos": [
                "27.73",
                "28.42"
            ],
            "first_success": "0",
            "success_rate": "1/10",
            "l2_cm": "3.08",
            "l2_small_cm": "0.54",
            "l2_big_cm": "1.40"
        }
    },
    {
        "difficulty": "medium",
        "record": {
            "index": "76",
            "is_train": 0,
            "small_pos": [
                "43.02",
                "35.67"
            ],
            "big_pos": [
                "31.91",
                "31.99"
            ],
            "first_success": "1",
            "success_rate": "9/10",
            "l2_cm": "6.43",
            "l2_small_cm": "1.94",
            "l2_big_cm": "0.91"
        }
    },
    {
        "difficulty": "medium",
        "record": {
            "index": "56",
            "is_train": 0,
            "small_pos": [
                "29.91",
                "26.03"
            ],
            "big_pos": [
                "47.49",
                "30.47"
            ],
            "first_success": "1",
            "success_rate": "10/10",
            "l2_cm": "5.62",
            "l2_small_cm": "0.91",
            "l2_big_cm": "0.70"
        }
    },
    {
        "difficulty": "medium",
        "record": {
            "index": "95",
            "is_train": 0,
            "small_pos": [
                "50.91",
                "32.75"
            ],
            "big_pos": [
                "36.75",
                "32.64"
            ],
            "first_success": "0",
            "success_rate": "2/10",
            "l2_cm": "3.59",
            "l2_small_cm": "0.94",
            "l2_big_cm": "0.69"
        }
    },
    {
        "difficulty": "medium",
        "record": {
            "index": "89",
            "is_train": 0,
            "small_pos": [
                "49.48",
                "25.06"
            ],
            "big_pos": [
                "33.81",
                "32.10"
            ],
            "first_success": "1",
            "success_rate": "2/10",
            "l2_cm": "4.93",
            "l2_small_cm": "1.06",
            "l2_big_cm": "0.22"
        }
    },
    {
        "difficulty": "hard",
        "record": {
            "index": "39",
            "is_train": 0,
            "small_pos": [
                "27.06",
                "23.54"
            ],
            "big_pos": [
                "41.22",
                "28.09"
            ],
            "first_success": "1",
            "success_rate": "9/10",
            "l2_cm": "4.42",
            "l2_small_cm": "1.04",
            "l2_big_cm": "1.34"
        }
    },
    {
        "difficulty": "hard",
        "record": {
            "index": "94",
            "is_train": 0,
            "small_pos": [
                "26.78",
                "32.10"
            ],
            "big_pos": [
                "46.92",
                "28.09"
            ],
            "first_success": "1",
            "success_rate": "10/10",
            "l2_cm": "5.56",
            "l2_small_cm": "1.64",
            "l2_big_cm": "2.12"
        }
    },
    {
        "difficulty": "hard",
        "record": {
            "index": "37",
            "is_train": 0,
            "small_pos": [
                "39.13",
                "35.45"
            ],
            "big_pos": [
                "51.19",
                "32.75"
            ],
            "first_success": "1",
            "success_rate": "9/10",
            "l2_cm": "9.10",
            "l2_small_cm": "1.95",
            "l2_big_cm": "0.32"
        }
    },
    {
        "difficulty": "easy",
        "record": {
            "index": "85",
            "is_train": 0,
            "small_pos": [
                "45.87",
                "28.42"
            ],
            "big_pos": [
                "33.43",
                "31.34"
            ],
            "first_success": "1",
            "success_rate": "10/10",
            "l2_cm": "2.04",
            "l2_small_cm": "0.43",
            "l2_big_cm": "0.67"
        }
    },
    {
        "difficulty": "hard",
        "record": {
            "index": "3",
            "is_train": 0,
            "small_pos": [
                "47.68",
                "26.57"
            ],
            "big_pos": [
                "30.48",
                "32.21"
            ],
            "first_success": "1",
            "success_rate": "9/10",
            "l2_cm": "5.26",
            "l2_small_cm": "1.44",
            "l2_big_cm": "0.56"
        }
    },
    {
        "difficulty": "hard",
        "record": {
            "index": "1",
            "is_train": 0,
            "small_pos": [
                "52.33",
                "28.09"
            ],
            "big_pos": [
                "43.50",
                "30.80"
            ],
            "first_success": "0",
            "success_rate": "0/10",
            "l2_cm": "6.71",
            "l2_small_cm": "0.35",
            "l2_big_cm": "0.54"
        }
    },
    {
        "difficulty": "hard",
        "record": {
            "index": "48",
            "is_train": 0,
            "small_pos": [
                "52.05",
                "34.70"
            ],
            "big_pos": [
                "40.55",
                "30.15"
            ],
            "first_success": "0",
            "success_rate": "0/10",
            "l2_cm": "6.22",
            "l2_small_cm": "0.31",
            "l2_big_cm": "0.96"
        }
    },
    {
        "difficulty": "easy",
        "record": {
            "index": "35",
            "is_train": 0,
            "small_pos": [
                "49.67",
                "26.90"
            ],
            "big_pos": [
                "31.81",
                "31.56"
            ],
            "first_success": "1",
            "success_rate": "10/10",
            "l2_cm": "4.45",
            "l2_small_cm": "1.12",
            "l2_big_cm": "0.93"
        }
    },
    {
        "difficulty": "easy",
        "record": {
            "index": "91",
            "is_train": 0,
            "small_pos": [
                "31.72",
                "29.82"
            ],
            "big_pos": [
                "42.36",
                "32.42"
            ],
            "first_success": "0",
            "success_rate": "0/10",
            "l2_cm": "5.19",
            "l2_small_cm": "0.87",
            "l2_big_cm": "0.77"
        }
    },
    {
        "difficulty": "hard",
        "record": {
            "index": "92",
            "is_train": 0,
            "small_pos": [
                "42.74",
                "27.98"
            ],
            "big_pos": [
                "32.10",
                "27.33"
            ],
            "first_success": "0",
            "success_rate": "1/10",
            "l2_cm": "5.81",
            "l2_small_cm": "1.02",
            "l2_big_cm": "1.15"
        }
    },
    {
        "difficulty": "medium",
        "record": {
            "index": "16",
            "is_train": 0,
            "small_pos": [
                "30.20",
                "30.69"
            ],
            "big_pos": [
                "41.22",
                "30.36"
            ],
            "first_success": "1",
            "success_rate": "7/10",
            "l2_cm": "5.18",
            "l2_small_cm": "2.22",
            "l2_big_cm": "0.67"
        }
    },
    {
        "difficulty": "easy",
        "record": {
            "index": "64",
            "is_train": 0,
            "small_pos": [
                "47.77",
                "35.89"
            ],
            "big_pos": [
                "28.20",
                "29.71"
            ],
            "first_success": "1",
            "success_rate": "6/10",
            "l2_cm": "2.85",
            "l2_small_cm": "1.78",
            "l2_big_cm": "0.35"
        }
    },
    {
        "difficulty": "easy",
        "record": {
            "index": "61",
            "is_train": 0,
            "small_pos": [
                "46.25",
                "35.67"
            ],
            "big_pos": [
                "27.82",
                "25.06"
            ],
            "first_success": "1",
            "success_rate": "2/10",
            "l2_cm": "4.53",
            "l2_small_cm": "0.42",
            "l2_big_cm": "0.19"
        }
    },
    {
        "difficulty": "hard",
        "record": {
            "index": "25",
            "is_train": 0,
            "small_pos": [
                "42.74",
                "27.66"
            ],
            "big_pos": [
                "29.82",
                "26.03"
            ],
            "first_success": "1",
            "success_rate": "10/10",
            "l2_cm": "5.90",
            "l2_small_cm": "0.71",
            "l2_big_cm": "1.53"
        }
    }
]