[
    {
        "difficulty": "hard",
        "record": {
            "index": "3",
            "is_train": 0,
            "small_pos": [
                "47.68",
                "26.57"
            ],
            "big_pos": [
                "30.48",
                "32.21"
            ],
            "first_success": "1",
            "success_rate": "9/10",
            "l2_cm": "5.26",
            "l2_small_cm": "1.44",
            "l2_big_cm": "0.56"
        }
    },
    {
        "difficulty": "hard",
        "record": {
            "index": "24",
            "is_train": 0,
            "small_pos": [
                "30.48",
                "23.76"
            ],
            "big_pos": [
                "50.81",
                "27.98"
            ],
            "first_success": "1",
            "success_rate": "4/10",
            "l2_cm": "9.15",
            "l2_small_cm": "1.66",
            "l2_big_cm": "1.03"
        }
    },
    {
        "difficulty": "hard",
        "record": {
            "index": "51",
            "is_train": 0,
            "small_pos": [
                "51.86",
                "24.62"
            ],
            "big_pos": [
                "27.44",
                "27.01"
            ],
            "first_success": "0",
            "success_rate": "0/10",
            "l2_cm": "7.70",
            "l2_small_cm": "1.38",
            "l2_big_cm": "0.56"
        }
    },
    {
        "difficulty": "hard",
        "record": {
            "index": "4",
            "is_train": 0,
            "small_pos": [
                "29.06",
                "33.72"
            ],
            "big_pos": [
                "43.88",
                "26.36"
            ],
            "first_success": "1",
            "success_rate": "10/10",
            "l2_cm": "3.52",
            "l2_small_cm": "1.66",
            "l2_big_cm": "1.36"
        }
    },
    {
        "difficulty": "hard",
        "record": {
            "index": "20",
            "is_train": 0,
            "small_pos": [
                "44.83",
                "24.95"
            ],
            "big_pos": [
                "37.61",
                "28.31"
            ],
            "first_success": "1",
            "success_rate": "7/10",
            "l2_cm": "5.88",
            "l2_small_cm": "2.06",
            "l2_big_cm": "1.80"
        }
    },
    {
        "difficulty": "easy",
        "record": {
            "index": "17",
            "is_train": 0,
            "small_pos": [
                "40.08",
                "30.04"
            ],
            "big_pos": [
                "26.78",
                "28.20"
            ],
            "first_success": "0",
            "success_rate": "0/10",
            "l2_cm": "4.36",
            "l2_small_cm": "2.18",
            "l2_big_cm": "0.80"
        }
    },
    {
        "difficulty": "easy",
        "record": {
            "index": "59",
            "is_train": 0,
            "small_pos": [
                "51.67",
                "32.21"
            ],
            "big_pos": [
                "37.23",
                "29.61"
            ],
            "first_success": "0",
            "success_rate": "5/10",
            "l2_cm": "2.30",
            "l2_small_cm": "1.85",
            "l2_big_cm": "0.45"
        }
    },
    {
        "difficulty": "easy",
        "record": {
            "index": "81",
            "is_train": 0,
            "small_pos": [
                "26.30",
                "24.73"
            ],
            "big_pos": [
                "38.27",
                "27.77"
            ],
            "first_success": "1",
            "success_rate": "10/10",
            "l2_cm": "2.38",
            "l2_small_cm": "0.75",
            "l2_big_cm": "1.06"
        }
    },
    {
        "difficulty": "hard",
        "record": {
            "index": "90",
            "is_train": 0,
            "small_pos": [
                "27.35",
                "30.47"
            ],
            "big_pos": [
                "50.43",
                "30.58"
            ],
            "first_success": "0",
            "success_rate": "3/10",
            "l2_cm": "5.92",
            "l2_small_cm": "0.84",
            "l2_big_cm": "1.48"
        }
    },
    {
        "difficulty": "medium",
        "record": {
            "index": "10",
            "is_train": 0,
            "small_pos": [
                "36.47",
                "27.01"
            ],
            "big_pos": [
                "47.87",
                "27.33"
            ],
            "first_success": "1",
            "success_rate": "10/10",
            "l2_cm": "4.96",
            "l2_small_cm": "2.48",
            "l2_big_cm": "1.18"
        }
    },
    {
        "difficulty": "easy",
        "record": {
            "index": "62",
            "is_train": 0,
            "small_pos": [
                "28.87",
                "31.66"
            ],
            "big_pos": [
                "43.78",
                "30.36"
            ],
            "first_success": "0",
            "success_rate": "8/10",
            "l2_cm": "3.58",
            "l2_small_cm": "1.09",
            "l2_big_cm": "0.42"
        }
    },
    {
        "difficulty": "medium",
        "record": {
            "index": "57",
            "is_train": 0,
            "small_pos": [
                "40.46",
                "31.34"
            ],
            "big_pos": [
                "28.58",
                "28.96"
            ],
            "first_success": "0",
            "success_rate": "0/10",
            "l2_cm": "4.00",
            "l2_small_cm": "1.68",
            "l2_big_cm": "0.42"
        }
    },
    {
        "difficulty": "medium",
        "record": {
            "index": "32",
            "is_train": 0,
            "small_pos": [
                "50.15",
                "31.56"
            ],
            "big_pos": [
                "38.27",
                "28.52"
            ],
            "first_success": "0",
            "success_rate": "0/10",
            "l2_cm": "3.40",
            "l2_small_cm": "1.45",
            "l2_big_cm": "1.69"
        }
    },
    {
        "difficulty": "medium",
        "record": {
            "index": "33",
            "is_train": 0,
            "small_pos": [
                "27.63",
                "28.52"
            ],
            "big_pos": [
                "35.61",
                "27.22"
            ],
            "first_success": "1",
            "success_rate": "5/10",
            "l2_cm": "5.80",
            "l2_small_cm": "1.65",
            "l2_big_cm": "0.99"
        }
    },
    {
        "difficulty": "hard",
        "record": {
            "index": "55",
            "is_train": 0,
            "small_pos": [
                "39.51",
                "26.25"
            ],
            "big_pos": [
                "51.10",
                "28.31"
            ],
            "first_success": "1",
            "success_rate": "10/10",
            "l2_cm": "6.15",
            "l2_small_cm": "1.51",
            "l2_big_cm": "0.70"
        }
    },
    {
        "difficulty": "medium",
        "record": {
            "index": "74",
            "is_train": 0,
            "small_pos": [
                "48.15",
                "36.10"
            ],
            "big_pos": [
                "35.71",
                "32.75"
            ],
            "first_success": "1",
            "success_rate": "4/10",
            "l2_cm": "6.46",
            "l2_small_cm": "1.85",
            "l2_big_cm": "0.75"
        }
    },
    {
        "difficulty": "medium",
        "record": {
            "index": "46",
            "is_train": 0,
            "small_pos": [
                "44.54",
                "31.99"
            ],
            "big_pos": [
                "37.04",
                "28.31"
            ],
            "first_success": "0",
            "success_rate": "0/10",
            "l2_cm": "4.76",
            "l2_small_cm": "1.46",
            "l2_big_cm": "1.69"
        }
    },
    {
        "difficulty": "medium",
        "record": {
            "index": "45",
            "is_train": 0,
            "small_pos": [
                "30.86",
                "24.19"
            ],
            "big_pos": [
                "43.50",
                "26.68"
            ],
            "first_success": "0",
            "success_rate": "1/10",
            "l2_cm": "4.79",
            "l2_small_cm": "1.65",
            "l2_big_cm": "1.41"
        }
    },
    {
        "difficulty": "easy",
        "record": {
            "index": "87",
            "is_train": 0,
            "small_pos": [
                "48.72",
                "28.20"
            ],
            "big_pos": [
                "36.94",
                "29.28"
            ],
            "first_success": "1",
            "success_rate": "7/10",
            "l2_cm": "3.06",
            "l2_small_cm": "0.34",
            "l2_big_cm": "0.72"
        }
    },
    {
        "difficulty": "hard",
        "record": {
            "index": "97",
            "is_train": 0,
            "small_pos": [
                "41.12",
                "34.59"
            ],
            "big_pos": [
                "27.35",
                "27.12"
            ],
            "first_success": "0",
            "success_rate": "0/10",
            "l2_cm": "4.37",
            "l2_small_cm": "1.42",
            "l2_big_cm": "0.66"
        }
    }
]