[
    {
        "difficulty": "easy",
        "record": {
            "index": "53",
            "is_train": 0,
            "small_pos": [
                "35.80",
                "27.77"
            ],
            "big_pos": [
                "49.20",
                "33.18"
            ],
            "first_success": "1",
            "success_rate": "10/10",
            "l2_cm": "6.63",
            "l2_small_cm": "1.47",
            "l2_big_cm": "1.43"
        }
    },
    {
        "difficulty": "hard",
        "record": {
            "index": "36",
            "is_train": 0,
            "small_pos": [
                "39.22",
                "31.45"
            ],
            "big_pos": [
                "30.96",
                "29.06"
            ],
            "first_success": "0",
            "success_rate": "4/10",
            "l2_cm": "6.16",
            "l2_small_cm": "1.34",
            "l2_big_cm": "1.40"
        }
    },
    {
        "difficulty": "easy",
        "record": {
            "index": "40",
            "is_train": 0,
            "small_pos": [
                "30.58",
                "35.78"
            ],
            "big_pos": [
                "41.88",
                "26.14"
            ],
            "first_success": "0",
            "success_rate": "2/10",
            "l2_cm": "1.75",
            "l2_small_cm": "0.89",
            "l2_big_cm": "0.87"
        }
    },
    {
        "difficulty": "hard",
        "record": {
            "index": "34",
            "is_train": 0,
            "small_pos": [
                "51.10",
                "29.06"
            ],
            "big_pos": [
                "32.00",
                "25.49"
            ],
            "first_success": "0",
            "success_rate": "0/10",
            "l2_cm": "7.81",
            "l2_small_cm": "1.30",
            "l2_big_cm": "1.81"
        }
    },
    {
        "difficulty": "medium",
        "record": {
            "index": "11",
            "is_train": 0,
            "small_pos": [
                "46.44",
                "31.66"
            ],
            "big_pos": [
                "30.39",
                "32.10"
            ],
            "first_success": "0",
            "success_rate": "4/10",
            "l2_cm": "6.42",
            "l2_small_cm": "0.56",
            "l2_big_cm": "0.62"
        }
    },
    {
        "difficulty": "easy",
        "record": {
            "index": "5",
            "is_train": 0,
            "small_pos": [
                "31.24",
                "24.73"
            ],
            "big_pos": [
                "37.99",
                "30.91"
            ],
            "first_success": "0",
            "success_rate": "0/10",
            "l2_cm": "6.67",
            "l2_small_cm": "1.48",
            "l2_big_cm": "0.99"
        }
    },
    {
        "difficulty": "medium",
        "record": {
            "index": "23",
            "is_train": 0,
            "small_pos": [
                "26.21",
                "27.98"
            ],
            "big_pos": [
                "45.30",
                "30.04"
            ],
            "first_success": "1",
            "success_rate": "9/10",
            "l2_cm": "3.76",
            "l2_small_cm": "1.21",
            "l2_big_cm": "1.01"
        }
    },
    {
        "difficulty": "medium",
        "record": {
            "index": "35",
            "is_train": 0,
            "small_pos": [
                "49.67",
                "26.90"
            ],
            "big_pos": [
                "31.81",
                "31.56"
            ],
            "first_success": "1",
            "success_rate": "10/10",
            "l2_cm": "4.45",
            "l2_small_cm": "1.12",
            "l2_big_cm": "0.93"
        }
    },
    {
        "difficulty": "easy",
        "record": {
            "index": "58",
            "is_train": 0,
            "small_pos": [
                "41.88",
                "25.71"
            ],
            "big_pos": [
                "31.91",
                "30.15"
            ],
            "first_success": "1",
            "success_rate": "9/10",
            "l2_cm": "3.19",
            "l2_small_cm": "0.93",
            "l2_big_cm": "0.17"
        }
    },
    {
        "difficulty": "easy",
        "record": {
            "index": "32",
            "is_train": 0,
            "small_pos": [
                "50.15",
                "31.56"
            ],
            "big_pos": [
                "38.27",
                "28.52"
            ],
            "first_success": "0",
            "success_rate": "0/10",
            "l2_cm": "3.40",
            "l2_small_cm": "1.45",
            "l2_big_cm": "1.69"
        }
    },
    {
        "difficulty": "medium",
        "record": {
            "index": "92",
            "is_train": 0,
            "small_pos": [
                "42.74",
                "27.98"
            ],
            "big_pos": [
                "32.10",
                "27.33"
            ],
            "first_success": "0",
            "success_rate": "1/10",
            "l2_cm": "5.81",
            "l2_small_cm": "1.02",
            "l2_big_cm": "1.15"
        }
    },
    {
        "difficulty": "hard",
        "record": {
            "index": "24",
            "is_train": 0,
            "small_pos": [
                "30.48",
                "23.76"
            ],
            "big_pos": [
                "50.81",
                "27.98"
            ],
            "first_success": "1",
            "success_rate": "4/10",
            "l2_cm": "9.15",
            "l2_small_cm": "1.66",
            "l2_big_cm": "1.03"
        }
    },
    {
        "difficulty": "hard",
        "record": {
            "index": "21",
            "is_train": 0,
            "small_pos": [
                "44.73",
                "28.52"
            ],
            "big_pos": [
                "36.85",
                "27.44"
            ],
            "first_success": "0",
            "success_rate": "0/10",
            "l2_cm": "5.38",
            "l2_small_cm": "1.37",
            "l2_big_cm": "1.93"
        }
    },
    {
        "difficulty": "hard",
        "record": {
            "index": "26",
            "is_train": 0,
            "small_pos": [
                "27.92",
                "35.56"
            ],
            "big_pos": [
                "38.08",
                "25.82"
            ],
            "first_success": "0",
            "success_rate": "0/10",
            "l2_cm": "5.95",
            "l2_small_cm": "0.57",
            "l2_big_cm": "1.50"
        }
    },
    {
        "difficulty": "hard",
        "record": {
            "index": "52",
            "is_train": 0,
            "small_pos": [
                "25.83",
                "33.72"
            ],
            "big_pos": [
                "34.66",
                "30.15"
            ],
            "first_success": "0",
            "success_rate": "0/10",
            "l2_cm": "8.20",
            "l2_small_cm": "0.87",
            "l2_big_cm": "0.68"
        }
    },
    {
        "difficulty": "hard",
        "record": {
            "index": "93",
            "is_train": 0,
            "small_pos": [
                "48.53",
                "24.73"
            ],
            "big_pos": [
                "38.56",
                "27.98"
            ],
            "first_success": "0",
            "success_rate": "0/10",
            "l2_cm": "6.05",
            "l2_small_cm": "1.35",
            "l2_big_cm": "1.08"
        }
    },
    {
        "difficulty": "medium",
        "record": {
            "index": "44",
            "is_train": 0,
            "small_pos": [
                "43.88",
                "28.63"
            ],
            "big_pos": [
                "35.23",
                "29.28"
            ],
            "first_success": "0",
            "success_rate": "2/10",
            "l2_cm": "3.95",
            "l2_small_cm": "1.85",
            "l2_big_cm": "1.30"
        }
    },
    {
        "difficulty": "hard",
        "record": {
            "index": "79",
            "is_train": 0,
            "small_pos": [
                "28.49",
                "32.42"
            ],
            "big_pos": [
                "47.01",
                "26.68"
            ],
            "first_success": "1",
            "success_rate": "8/10",
            "l2_cm": "5.73",
            "l2_small_cm": "1.50",
            "l2_big_cm": "1.68"
        }
    },
    {
        "difficulty": "hard",
        "record": {
            "index": "74",
            "is_train": 0,
            "small_pos": [
                "48.15",
                "36.10"
            ],
            "big_pos": [
                "35.71",
                "32.75"
            ],
            "first_success": "1",
            "success_rate": "4/10",
            "l2_cm": "6.46",
            "l2_small_cm": "1.85",
            "l2_big_cm": "0.75"
        }
    },
    {
        "difficulty": "NA",
        "record": {
            "index": "8",
            "is_train": 0,
            "small_pos": [
                "28.68",
                "25.60"
            ],
            "big_pos": [
                "39.32",
                "32.86"
            ],
            "first_success": "1",
            "success_rate": "6/10",
            "l2_cm": "5.52",
            "l2_small_cm": "0.51",
            "l2_big_cm": "0.91"
        }
    }
]