[
    {
        "difficulty": "hard",
        "record": {
            "index": "34",
            "front_img": "./test/front_34.png",
            "side_img": "./test/side_34.png",
            "small_pos": [
                "51.10",
                "29.06"
            ],
            "big_pos": [
                "32.00",
                "25.49"
            ],
            "first_success": "0",
            "success_rate": "0/10",
            "l2_cm": "7.81",
            "l2_small_cm": "1.30",
            "l2_big_cm": "1.81"
        }
    },
    {
        "difficulty": "hard",
        "record": {
            "index": "42",
            "front_img": "./test/front_42.png",
            "side_img": "./test/side_42.png",
            "small_pos": [
                "43.40",
                "30.47"
            ],
            "big_pos": [
                "32.48",
                "31.99"
            ],
            "first_success": "0",
            "success_rate": "0/10",
            "l2_cm": "4.97",
            "l2_small_cm": "2.03",
            "l2_big_cm": "1.48"
        }
    },
    {
        "difficulty": "hard",
        "record": {
            "index": "76",
            "front_img": "./test/front_76.png",
            "side_img": "./test/side_76.png",
            "small_pos": [
                "43.02",
                "35.67"
            ],
            "big_pos": [
                "31.91",
                "31.99"
            ],
            "first_success": "0",
            "success_rate": "0/10",
            "l2_cm": "6.43",
            "l2_small_cm": "1.94",
            "l2_big_cm": "0.91"
        }
    },
    {
        "difficulty": "hard",
        "record": {
            "index": "79",
            "front_img": "./test/front_79.png",
            "side_img": "./test/side_79.png",
            "small_pos": [
                "28.49",
                "32.42"
            ],
            "big_pos": [
                "47.01",
                "26.68"
            ],
            "first_success": "0",
            "success_rate": "3/10",
            "l2_cm": "5.73",
            "l2_small_cm": "1.50",
            "l2_big_cm": "1.68"
        }
    },
    {
        "difficulty": "hard",
        "record": {
            "index": "52",
            "front_img": "./test/front_52.png",
            "side_img": "./test/side_52.png",
            "small_pos": [
                "25.83",
                "33.72"
            ],
            "big_pos": [
                "34.66",
                "30.15"
            ],
            "first_success": "0",
            "success_rate": "0/10",
            "l2_cm": "8.20",
            "l2_small_cm": "0.87",
            "l2_big_cm": "0.68"
        }
    },
    {
        "difficulty": "hard",
        "record": {
            "index": "59",
            "front_img": "./test/front_59.png",
            "side_img": "./test/side_59.png",
            "small_pos": [
                "51.67",
                "32.21"
            ],
            "big_pos": [
                "37.23",
                "29.61"
            ],
            "first_success": "0",
            "success_rate": "0/10",
            "l2_cm": "2.30",
            "l2_small_cm": "1.85",
            "l2_big_cm": "0.45"
        }
    },
    {
        "difficulty": "medium",
        "record": {
            "index": "11",
            "front_img": "./test/front_11.png",
            "side_img": "./test/side_11.png",
            "small_pos": [
                "46.44",
                "31.66"
            ],
            "big_pos": [
                "30.39",
                "32.10"
            ],
            "first_success": "0",
            "success_rate": "2/10",
            "l2_cm": "6.42",
            "l2_small_cm": "0.56",
            "l2_big_cm": "0.62"
        }
    },
    {
        "difficulty": "hard",
        "record": {
            "index": "24",
            "front_img": "./test/front_24.png",
            "side_img": "./test/side_24.png",
            "small_pos": [
                "30.48",
                "23.76"
            ],
            "big_pos": [
                "50.81",
                "27.98"
            ],
            "first_success": "0",
            "success_rate": "0/10",
            "l2_cm": "9.15",
            "l2_small_cm": "1.66",
            "l2_big_cm": "1.03"
        }
    },
    {
        "difficulty": "hard",
        "record": {
            "index": "47",
            "front_img": "./test/front_47.png",
            "side_img": "./test/side_47.png",
            "small_pos": [
                "34.09",
                "28.74"
            ],
            "big_pos": [
                "44.92",
                "27.22"
            ],
            "first_success": "0",
            "success_rate": "1/10",
            "l2_cm": "3.89",
            "l2_small_cm": "0.94",
            "l2_big_cm": "1.21"
        }
    },
    {
        "difficulty": "hard",
        "record": {
            "index": "74",
            "front_img": "./test/front_74.png",
            "side_img": "./test/side_74.png",
            "small_pos": [
                "48.15",
                "36.10"
            ],
            "big_pos": [
                "35.71",
                "32.75"
            ],
            "first_success": "0",
            "success_rate": "0/10",
            "l2_cm": "6.46",
            "l2_small_cm": "1.85",
            "l2_big_cm": "0.75"
        }
    },
    {
        "difficulty": "medium",
        "record": {
            "index": "19",
            "front_img": "./test/front_19.png",
            "side_img": "./test/side_19.png",
            "small_pos": [
                "32.38",
                "31.66"
            ],
            "big_pos": [
                "45.78",
                "28.09"
            ],
            "first_success": "0",
            "success_rate": "1/10",
            "l2_cm": "3.25",
            "l2_small_cm": "0.51",
            "l2_big_cm": "1.20"
        }
    },
    {
        "difficulty": "hard",
        "record": {
            "index": "44",
            "front_img": "./test/front_44.png",
            "side_img": "./test/side_44.png",
            "small_pos": [
                "43.88",
                "28.63"
            ],
            "big_pos": [
                "35.23",
                "29.28"
            ],
            "first_success": "0",
            "success_rate": "0/10",
            "l2_cm": "3.95",
            "l2_small_cm": "1.85",
            "l2_big_cm": "1.30"
        }
    },
    {
        "difficulty": "hard",
        "record": {
            "index": "15",
            "front_img": "./test/front_15.png",
            "side_img": "./test/side_15.png",
            "small_pos": [
                "48.15",
                "30.04"
            ],
            "big_pos": [
                "38.94",
                "33.07"
            ],
            "first_success": "0",
            "success_rate": "1/10",
            "l2_cm": "4.42",
            "l2_small_cm": "2.15",
            "l2_big_cm": "1.07"
        }
    },
    {
        "difficulty": "medium",
        "record": {
            "index": "70",
            "front_img": "./test/front_70.png",
            "side_img": "./test/side_70.png",
            "small_pos": [
                "32.29",
                "27.66"
            ],
            "big_pos": [
                "47.30",
                "26.03"
            ],
            "first_success": "0",
            "success_rate": "2/10",
            "l2_cm": "4.10",
            "l2_small_cm": "1.37",
            "l2_big_cm": "1.07"
        }
    },
    {
        "difficulty": "hard",
        "record": {
            "index": "39",
            "front_img": "./test/front_39.png",
            "side_img": "./test/side_39.png",
            "small_pos": [
                "27.06",
                "23.54"
            ],
            "big_pos": [
                "41.22",
                "28.09"
            ],
            "first_success": "0",
            "success_rate": "1/10",
            "l2_cm": "4.42",
            "l2_small_cm": "1.04",
            "l2_big_cm": "1.34"
        }
    },
    {
        "difficulty": "NA",
        "record": {
            "index": "41",
            "front_img": "./test/front_41.png",
            "side_img": "./test/side_41.png",
            "small_pos": [
                "45.02",
                "25.27"
            ],
            "big_pos": [
                "36.66",
                "28.96"
            ],
            "first_success": "0",
            "success_rate": "0/10",
            "l2_cm": "5.53",
            "l2_small_cm": "2.39",
            "l2_big_cm": "1.10"
        }
    },
    {
        "difficulty": "hard",
        "record": {
            "index": "56",
            "front_img": "./test/front_56.png",
            "side_img": "./test/side_56.png",
            "small_pos": [
                "29.91",
                "26.03"
            ],
            "big_pos": [
                "47.49",
                "30.47"
            ],
            "first_success": "0",
            "success_rate": "0/10",
            "l2_cm": "5.62",
            "l2_small_cm": "0.91",
            "l2_big_cm": "0.70"
        }
    },
    {
        "difficulty": "easy",
        "record": {
            "index": "40",
            "front_img": "./test/front_40.png",
            "side_img": "./test/side_40.png",
            "small_pos": [
                "30.58",
                "35.78"
            ],
            "big_pos": [
                "41.88",
                "26.14"
            ],
            "first_success": "0",
            "success_rate": "4/10",
            "l2_cm": "1.75",
            "l2_small_cm": "0.89",
            "l2_big_cm": "0.87"
        }
    },
    {
        "difficulty": "hard",
        "record": {
            "index": "48",
            "front_img": "./test/front_48.png",
            "side_img": "./test/side_48.png",
            "small_pos": [
                "52.05",
                "34.70"
            ],
            "big_pos": [
                "40.55",
                "30.15"
            ],
            "first_success": "0",
            "success_rate": "0/10",
            "l2_cm": "6.22",
            "l2_small_cm": "0.31",
            "l2_big_cm": "0.96"
        }
    },
    {
        "difficulty": "easy",
        "record": {
            "index": "28",
            "front_img": "./test/front_28.png",
            "side_img": "./test/side_28.png",
            "small_pos": [
                "27.44",
                "26.90"
            ],
            "big_pos": [
                "42.17",
                "31.99"
            ],
            "first_success": "1",
            "success_rate": "10/10",
            "l2_cm": "1.75",
            "l2_small_cm": "0.45",
            "l2_big_cm": "0.83"
        }
    }
]