[
    {
        "difficulty": "NA",
        "record": {
            "index": "94",
            "front_img": "./test/front_94.png",
            "side_img": "./test/side_94.png",
            "small_pos": [
                "26.78",
                "32.10"
            ],
            "big_pos": [
                "46.92",
                "28.09"
            ],
            "first_success": "0",
            "success_rate": "7/10",
            "l2_cm": "5.56",
            "l2_small_cm": "1.64",
            "l2_big_cm": "2.12"
        }
    },
    {
        "difficulty": "easy",
        "record": {
            "index": "40",
            "front_img": "./test/front_40.png",
            "side_img": "./test/side_40.png",
            "small_pos": [
                "30.58",
                "35.78"
            ],
            "big_pos": [
                "41.88",
                "26.14"
            ],
            "first_success": "0",
            "success_rate": "4/10",
            "l2_cm": "1.75",
            "l2_small_cm": "0.89",
            "l2_big_cm": "0.87"
        }
    },
    {
        "difficulty": "hard",
        "record": {
            "index": "21",
            "front_img": "./test/front_21.png",
            "side_img": "./test/side_21.png",
            "small_pos": [
                "44.73",
                "28.52"
            ],
            "big_pos": [
                "36.85",
                "27.44"
            ],
            "first_success": "0",
            "success_rate": "0/10",
            "l2_cm": "5.38",
            "l2_small_cm": "1.37",
            "l2_big_cm": "1.93"
        }
    },
    {
        "difficulty": "easy",
        "record": {
            "index": "7",
            "front_img": "./test/front_7.png",
            "side_img": "./test/side_7.png",
            "small_pos": [
                "27.06",
                "23.97"
            ],
            "big_pos": [
                "43.50",
                "30.04"
            ],
            "first_success": "0",
            "success_rate": "7/10",
            "l2_cm": "1.94",
            "l2_small_cm": "0.94",
            "l2_big_cm": "0.50"
        }
    },
    {
        "difficulty": "medium",
        "record": {
            "index": "63",
            "front_img": "./test/front_63.png",
            "side_img": "./test/side_63.png",
            "small_pos": [
                "28.87",
                "23.76"
            ],
            "big_pos": [
                "41.22",
                "29.39"
            ],
            "first_success": "1",
            "success_rate": "8/10",
            "l2_cm": "3.17",
            "l2_small_cm": "0.77",
            "l2_big_cm": "1.62"
        }
    },
    {
        "difficulty": "medium",
        "record": {
            "index": "57",
            "front_img": "./test/front_57.png",
            "side_img": "./test/side_57.png",
            "small_pos": [
                "40.46",
                "31.34"
            ],
            "big_pos": [
                "28.58",
                "28.96"
            ],
            "first_success": "0",
            "success_rate": "3/10",
            "l2_cm": "4.00",
            "l2_small_cm": "1.68",
            "l2_big_cm": "0.42"
        }
    },
    {
        "difficulty": "hard",
        "record": {
            "index": "2",
            "front_img": "./test/front_2.png",
            "side_img": "./test/side_2.png",
            "small_pos": [
                "42.74",
                "34.91"
            ],
            "big_pos": [
                "29.25",
                "27.77"
            ],
            "first_success": "0",
            "success_rate": "2/10",
            "l2_cm": "4.61",
            "l2_small_cm": "1.56",
            "l2_big_cm": "1.26"
        }
    },
    {
        "difficulty": "easy",
        "record": {
            "index": "38",
            "front_img": "./test/front_38.png",
            "side_img": "./test/side_38.png",
            "small_pos": [
                "34.95",
                "32.31"
            ],
            "big_pos": [
                "48.91",
                "31.12"
            ],
            "first_success": "1",
            "success_rate": "6/10",
            "l2_cm": "3.07",
            "l2_small_cm": "1.62",
            "l2_big_cm": "1.40"
        }
    },
    {
        "difficulty": "medium",
        "record": {
            "index": "15",
            "front_img": "./test/front_15.png",
            "side_img": "./test/side_15.png",
            "small_pos": [
                "48.15",
                "30.04"
            ],
            "big_pos": [
                "38.94",
                "33.07"
            ],
            "first_success": "0",
            "success_rate": "1/10",
            "l2_cm": "4.42",
            "l2_small_cm": "2.15",
            "l2_big_cm": "1.07"
        }
    },
    {
        "difficulty": "hard",
        "record": {
            "index": "90",
            "front_img": "./test/front_90.png",
            "side_img": "./test/side_90.png",
            "small_pos": [
                "27.35",
                "30.47"
            ],
            "big_pos": [
                "50.43",
                "30.58"
            ],
            "first_success": "1",
            "success_rate": "7/10",
            "l2_cm": "5.92",
            "l2_small_cm": "0.84",
            "l2_big_cm": "1.48"
        }
    },
    {
        "difficulty": "NA",
        "record": {
            "index": "80",
            "front_img": "./test/front_80.png",
            "side_img": "./test/side_80.png",
            "small_pos": [
                "39.41",
                "35.35"
            ],
            "big_pos": [
                "27.82",
                "25.92"
            ],
            "first_success": "1",
            "success_rate": "5/10",
            "l2_cm": "4.30",
            "l2_small_cm": "1.72",
            "l2_big_cm": "0.83"
        }
    },
    {
        "difficulty": "hard",
        "record": {
            "index": "25",
            "front_img": "./test/front_25.png",
            "side_img": "./test/side_25.png",
            "small_pos": [
                "42.74",
                "27.66"
            ],
            "big_pos": [
                "29.82",
                "26.03"
            ],
            "first_success": "0",
            "success_rate": "0/10",
            "l2_cm": "5.90",
            "l2_small_cm": "0.71",
            "l2_big_cm": "1.53"
        }
    },
    {
        "difficulty": "easy",
        "record": {
            "index": "60",
            "front_img": "./test/front_60.png",
            "side_img": "./test/side_60.png",
            "small_pos": [
                "30.20",
                "32.42"
            ],
            "big_pos": [
                "43.69",
                "30.26"
            ],
            "first_success": "0",
            "success_rate": "1/10",
            "l2_cm": "3.36",
            "l2_small_cm": "1.85",
            "l2_big_cm": "0.40"
        }
    },
    {
        "difficulty": "medium",
        "record": {
            "index": "58",
            "front_img": "./test/front_58.png",
            "side_img": "./test/side_58.png",
            "small_pos": [
                "41.88",
                "25.71"
            ],
            "big_pos": [
                "31.91",
                "30.15"
            ],
            "first_success": "0",
            "success_rate": "7/10",
            "l2_cm": "3.19",
            "l2_small_cm": "0.93",
            "l2_big_cm": "0.17"
        }
    },
    {
        "difficulty": "hard",
        "record": {
            "index": "11",
            "front_img": "./test/front_11.png",
            "side_img": "./test/side_11.png",
            "small_pos": [
                "46.44",
                "31.66"
            ],
            "big_pos": [
                "30.39",
                "32.10"
            ],
            "first_success": "0",
            "success_rate": "2/10",
            "l2_cm": "6.42",
            "l2_small_cm": "0.56",
            "l2_big_cm": "0.62"
        }
    },
    {
        "difficulty": "hard",
        "record": {
            "index": "48",
            "front_img": "./test/front_48.png",
            "side_img": "./test/side_48.png",
            "small_pos": [
                "52.05",
                "34.70"
            ],
            "big_pos": [
                "40.55",
                "30.15"
            ],
            "first_success": "0",
            "success_rate": "0/10",
            "l2_cm": "6.22",
            "l2_small_cm": "0.31",
            "l2_big_cm": "0.96"
        }
    },
    {
        "difficulty": "medium",
        "record": {
            "index": "84",
            "front_img": "./test/front_84.png",
            "side_img": "./test/side_84.png",
            "small_pos": [
                "27.54",
                "34.05"
            ],
            "big_pos": [
                "44.26",
                "26.90"
            ],
            "first_success": "1",
            "success_rate": "5/10",
            "l2_cm": "2.73",
            "l2_small_cm": "1.06",
            "l2_big_cm": "1.13"
        }
    },
    {
        "difficulty": "hard",
        "record": {
            "index": "77",
            "front_img": "./test/front_77.png",
            "side_img": "./test/side_77.png",
            "small_pos": [
                "28.77",
                "23.76"
            ],
            "big_pos": [
                "45.97",
                "26.25"
            ],
            "first_success": "0",
            "success_rate": "1/10",
            "l2_cm": "5.82",
            "l2_small_cm": "0.79",
            "l2_big_cm": "1.62"
        }
    },
    {
        "difficulty": "NA",
        "record": {
            "index": "17",
            "front_img": "./test/front_17.png",
            "side_img": "./test/side_17.png",
            "small_pos": [
                "40.08",
                "30.04"
            ],
            "big_pos": [
                "26.78",
                "28.20"
            ],
            "first_success": "0",
            "success_rate": "3/10",
            "l2_cm": "4.36",
            "l2_small_cm": "2.18",
            "l2_big_cm": "0.80"
        }
    },
    {
        "difficulty": "hard",
        "record": {
            "index": "97",
            "front_img": "./test/front_97.png",
            "side_img": "./test/side_97.png",
            "small_pos": [
                "41.12",
                "34.59"
            ],
            "big_pos": [
                "27.35",
                "27.12"
            ],
            "first_success": "0",
            "success_rate": "0/10",
            "l2_cm": "4.37",
            "l2_small_cm": "1.42",
            "l2_big_cm": "0.66"
        }
    }
]