[
    {
        "difficulty": "hard",
        "record": {
            "index": "48",
            "front_img": "./test/front_48.png",
            "side_img": "./test/side_48.png",
            "small_pos": [
                "52.05",
                "34.70"
            ],
            "big_pos": [
                "40.55",
                "30.15"
            ],
            "first_success": "0",
            "success_rate": "0/10",
            "l2_cm": "6.22",
            "l2_small_cm": "0.31",
            "l2_big_cm": "0.96"
        }
    },
    {
        "difficulty": "medium",
        "record": {
            "index": "23",
            "front_img": "./test/front_23.png",
            "side_img": "./test/side_23.png",
            "small_pos": [
                "26.21",
                "27.98"
            ],
            "big_pos": [
                "45.30",
                "30.04"
            ],
            "first_success": "1",
            "success_rate": "10/10",
            "l2_cm": "3.76",
            "l2_small_cm": "1.21",
            "l2_big_cm": "1.01"
        }
    },
    {
        "difficulty": "medium",
        "record": {
            "index": "19",
            "front_img": "./test/front_19.png",
            "side_img": "./test/side_19.png",
            "small_pos": [
                "32.38",
                "31.66"
            ],
            "big_pos": [
                "45.78",
                "28.09"
            ],
            "first_success": "0",
            "success_rate": "1/10",
            "l2_cm": "3.25",
            "l2_small_cm": "0.51",
            "l2_big_cm": "1.20"
        }
    },
    {
        "difficulty": "medium",
        "record": {
            "index": "63",
            "front_img": "./test/front_63.png",
            "side_img": "./test/side_63.png",
            "small_pos": [
                "28.87",
                "23.76"
            ],
            "big_pos": [
                "41.22",
                "29.39"
            ],
            "first_success": "1",
            "success_rate": "8/10",
            "l2_cm": "3.17",
            "l2_small_cm": "0.77",
            "l2_big_cm": "1.62"
        }
    },
    {
        "difficulty": "medium",
        "record": {
            "index": "76",
            "front_img": "./test/front_76.png",
            "side_img": "./test/side_76.png",
            "small_pos": [
                "43.02",
                "35.67"
            ],
            "big_pos": [
                "31.91",
                "31.99"
            ],
            "first_success": "0",
            "success_rate": "0/10",
            "l2_cm": "6.43",
            "l2_small_cm": "1.94",
            "l2_big_cm": "0.91"
        }
    },
    {
        "difficulty": "medium",
        "record": {
            "index": "82",
            "front_img": "./test/front_82.png",
            "side_img": "./test/side_82.png",
            "small_pos": [
                "33.71",
                "30.36"
            ],
            "big_pos": [
                "46.54",
                "29.39"
            ],
            "first_success": "0",
            "success_rate": "0/10",
            "l2_cm": "2.28",
            "l2_small_cm": "0.70",
            "l2_big_cm": "1.58"
        }
    },
    {
        "difficulty": "medium",
        "record": {
            "index": "87",
            "front_img": "./test/front_87.png",
            "side_img": "./test/side_87.png",
            "small_pos": [
                "48.72",
                "28.20"
            ],
            "big_pos": [
                "36.94",
                "29.28"
            ],
            "first_success": "0",
            "success_rate": "1/10",
            "l2_cm": "3.06",
            "l2_small_cm": "0.34",
            "l2_big_cm": "0.72"
        }
    },
    {
        "difficulty": "hard",
        "record": {
            "index": "2",
            "front_img": "./test/front_2.png",
            "side_img": "./test/side_2.png",
            "small_pos": [
                "42.74",
                "34.91"
            ],
            "big_pos": [
                "29.25",
                "27.77"
            ],
            "first_success": "0",
            "success_rate": "2/10",
            "l2_cm": "4.61",
            "l2_small_cm": "1.56",
            "l2_big_cm": "1.26"
        }
    },
    {
        "difficulty": "hard",
        "record": {
            "index": "25",
            "front_img": "./test/front_25.png",
            "side_img": "./test/side_25.png",
            "small_pos": [
                "42.74",
                "27.66"
            ],
            "big_pos": [
                "29.82",
                "26.03"
            ],
            "first_success": "0",
            "success_rate": "0/10",
            "l2_cm": "5.90",
            "l2_small_cm": "0.71",
            "l2_big_cm": "1.53"
        }
    },
    {
        "difficulty": "easy",
        "record": {
            "index": "66",
            "front_img": "./test/front_66.png",
            "side_img": "./test/side_66.png",
            "small_pos": [
                "27.92",
                "24.52"
            ],
            "big_pos": [
                "40.74",
                "29.06"
            ],
            "first_success": "0",
            "success_rate": "6/10",
            "l2_cm": "3.98",
            "l2_small_cm": "0.52",
            "l2_big_cm": "1.95"
        }
    },
    {
        "difficulty": "hard",
        "record": {
            "index": "3",
            "front_img": "./test/front_3.png",
            "side_img": "./test/side_3.png",
            "small_pos": [
                "47.68",
                "26.57"
            ],
            "big_pos": [
                "30.48",
                "32.21"
            ],
            "first_success": "1",
            "success_rate": "3/10",
            "l2_cm": "5.26",
            "l2_small_cm": "1.44",
            "l2_big_cm": "0.56"
        }
    },
    {
        "difficulty": "hard",
        "record": {
            "index": "42",
            "front_img": "./test/front_42.png",
            "side_img": "./test/side_42.png",
            "small_pos": [
                "43.40",
                "30.47"
            ],
            "big_pos": [
                "32.48",
                "31.99"
            ],
            "first_success": "0",
            "success_rate": "0/10",
            "l2_cm": "4.97",
            "l2_small_cm": "2.03",
            "l2_big_cm": "1.48"
        }
    },
    {
        "difficulty": "hard",
        "record": {
            "index": "16",
            "front_img": "./test/front_16.png",
            "side_img": "./test/side_16.png",
            "small_pos": [
                "30.20",
                "30.69"
            ],
            "big_pos": [
                "41.22",
                "30.36"
            ],
            "first_success": "0",
            "success_rate": "2/10",
            "l2_cm": "5.18",
            "l2_small_cm": "2.22",
            "l2_big_cm": "0.67"
        }
    },
    {
        "difficulty": "hard",
        "record": {
            "index": "93",
            "front_img": "./test/front_93.png",
            "side_img": "./test/side_93.png",
            "small_pos": [
                "48.53",
                "24.73"
            ],
            "big_pos": [
                "38.56",
                "27.98"
            ],
            "first_success": "0",
            "success_rate": "0/10",
            "l2_cm": "6.05",
            "l2_small_cm": "1.35",
            "l2_big_cm": "1.08"
        }
    },
    {
        "difficulty": "hard",
        "record": {
            "index": "22",
            "front_img": "./test/front_22.png",
            "side_img": "./test/side_22.png",
            "small_pos": [
                "35.99",
                "35.45"
            ],
            "big_pos": [
                "47.01",
                "28.20"
            ],
            "first_success": "0",
            "success_rate": "2/10",
            "l2_cm": "4.10",
            "l2_small_cm": "0.55",
            "l2_big_cm": "2.05"
        }
    },
    {
        "difficulty": "hard",
        "record": {
            "index": "32",
            "front_img": "./test/front_32.png",
            "side_img": "./test/side_32.png",
            "small_pos": [
                "50.15",
                "31.56"
            ],
            "big_pos": [
                "38.27",
                "28.52"
            ],
            "first_success": "0",
            "success_rate": "0/10",
            "l2_cm": "3.40",
            "l2_small_cm": "1.45",
            "l2_big_cm": "1.69"
        }
    },
    {
        "difficulty": "medium",
        "record": {
            "index": "43",
            "front_img": "./test/front_43.png",
            "side_img": "./test/side_43.png",
            "small_pos": [
                "34.76",
                "31.56"
            ],
            "big_pos": [
                "48.72",
                "27.22"
            ],
            "first_success": "1",
            "success_rate": "6/10",
            "l2_cm": "3.63",
            "l2_small_cm": "0.94",
            "l2_big_cm": "0.35"
        }
    },
    {
        "difficulty": "medium",
        "record": {
            "index": "33",
            "front_img": "./test/front_33.png",
            "side_img": "./test/side_33.png",
            "small_pos": [
                "27.63",
                "28.52"
            ],
            "big_pos": [
                "35.61",
                "27.22"
            ],
            "first_success": "0",
            "success_rate": "1/10",
            "l2_cm": "5.80",
            "l2_small_cm": "1.65",
            "l2_big_cm": "0.99"
        }
    },
    {
        "difficulty": "hard",
        "record": {
            "index": "41",
            "front_img": "./test/front_41.png",
            "side_img": "./test/side_41.png",
            "small_pos": [
                "45.02",
                "25.27"
            ],
            "big_pos": [
                "36.66",
                "28.96"
            ],
            "first_success": "0",
            "success_rate": "0/10",
            "l2_cm": "5.53",
            "l2_small_cm": "2.39",
            "l2_big_cm": "1.10"
        }
    },
    {
        "difficulty": "hard",
        "record": {
            "index": "86",
            "front_img": "./test/front_86.png",
            "side_img": "./test/side_86.png",
            "small_pos": [
                "28.68",
                "29.06"
            ],
            "big_pos": [
                "43.50",
                "26.90"
            ],
            "first_success": "0",
            "success_rate": "3/10",
            "l2_cm": "3.26",
            "l2_small_cm": "2.05",
            "l2_big_cm": "1.21"
        }
    }
]