[
    {
        "difficulty": "medium",
        "record": {
            "index": "18",
            "is_train": 0,
            "small_pos": [
                "29.06",
                "32.64"
            ],
            "big_pos": [
                "40.93",
                "28.31"
            ],
            "first_success": "1",
            "success_rate": "9/10",
            "l2_cm": "4.04",
            "l2_small_cm": "1.95",
            "l2_big_cm": "1.69"
        }
    },
    {
        "difficulty": "easy",
        "record": {
            "index": "0",
            "is_train": 0,
            "small_pos": [
                "30.10",
                "24.84"
            ],
            "big_pos": [
                "35.04",
                "30.69"
            ],
            "first_success": "1",
            "success_rate": "2/10",
            "l2_cm": "2.85",
            "l2_small_cm": "1.60",
            "l2_big_cm": "0.31"
        }
    },
    {
        "difficulty": "medium",
        "record": {
            "index": "82",
            "is_train": 0,
            "small_pos": [
                "33.71",
                "30.36"
            ],
            "big_pos": [
                "46.54",
                "29.39"
            ],
            "first_success": "1",
            "success_rate": "7/10",
            "l2_cm": "2.28",
            "l2_small_cm": "0.70",
            "l2_big_cm": "1.58"
        }
    },
    {
        "difficulty": "hard",
        "record": {
            "index": "98",
            "is_train": 0,
            "small_pos": [
                "33.81",
                "25.17"
            ],
            "big_pos": [
                "36.56",
                "30.69"
            ],
            "first_success": "0",
            "success_rate": "0/10",
            "l2_cm": "7.30",
            "l2_small_cm": "0.86",
            "l2_big_cm": "0.54"
        }
    },
    {
        "difficulty": "medium",
        "record": {
            "index": "71",
            "is_train": 0,
            "small_pos": [
                "27.73",
                "28.96"
            ],
            "big_pos": [
                "38.46",
                "30.36"
            ],
            "first_success": "1",
            "success_rate": "8/10",
            "l2_cm": "6.30",
            "l2_small_cm": "2.06",
            "l2_big_cm": "1.51"
        }
    },
    {
        "difficulty": "medium",
        "record": {
            "index": "15",
            "is_train": 0,
            "small_pos": [
                "48.15",
                "30.04"
            ],
            "big_pos": [
                "38.94",
                "33.07"
            ],
            "first_success": "1",
            "success_rate": "9/10",
            "l2_cm": "4.42",
            "l2_small_cm": "2.15",
            "l2_big_cm": "1.07"
        }
    },
    {
        "difficulty": "easy",
        "record": {
            "index": "44",
            "is_train": 0,
            "small_pos": [
                "43.88",
                "28.63"
            ],
            "big_pos": [
                "35.23",
                "29.28"
            ],
            "first_success": "0",
            "success_rate": "2/10",
            "l2_cm": "3.95",
            "l2_small_cm": "1.85",
            "l2_big_cm": "1.30"
        }
    },
    {
        "difficulty": "hard",
        "record": {
            "index": "9",
            "is_train": 0,
            "small_pos": [
                "28.68",
                "23.97"
            ],
            "big_pos": [
                "48.34",
                "25.82"
            ],
            "first_success": "0",
            "success_rate": "4/10",
            "l2_cm": "7.91",
            "l2_small_cm": "0.68",
            "l2_big_cm": "1.05"
        }
    },
    {
        "difficulty": "easy",
        "record": {
            "index": "60",
            "is_train": 0,
            "small_pos": [
                "30.20",
                "32.42"
            ],
            "big_pos": [
                "43.69",
                "30.26"
            ],
            "first_success": "0",
            "success_rate": "2/10",
            "l2_cm": "3.36",
            "l2_small_cm": "1.85",
            "l2_big_cm": "0.40"
        }
    },
    {
        "difficulty": "hard",
        "record": {
            "index": "72",
            "is_train": 0,
            "small_pos": [
                "27.54",
                "29.82"
            ],
            "big_pos": [
                "49.77",
                "30.91"
            ],
            "first_success": "0",
            "success_rate": "0/10",
            "l2_cm": "7.16",
            "l2_small_cm": "1.26",
            "l2_big_cm": "1.12"
        }
    },
    {
        "difficulty": "medium",
        "record": {
            "index": "22",
            "is_train": 0,
            "small_pos": [
                "35.99",
                "35.45"
            ],
            "big_pos": [
                "47.01",
                "28.20"
            ],
            "first_success": "0",
            "success_rate": "2/10",
            "l2_cm": "4.10",
            "l2_small_cm": "0.55",
            "l2_big_cm": "2.05"
        }
    },
    {
        "difficulty": "NA",
        "record": {
            "index": "3",
            "is_train": 0,
            "small_pos": [
                "47.68",
                "26.57"
            ],
            "big_pos": [
                "30.48",
                "32.21"
            ],
            "first_success": "1",
            "success_rate": "9/10",
            "l2_cm": "5.26",
            "l2_small_cm": "1.44",
            "l2_big_cm": "0.56"
        }
    },
    {
        "difficulty": "medium",
        "record": {
            "index": "91",
            "is_train": 0,
            "small_pos": [
                "31.72",
                "29.82"
            ],
            "big_pos": [
                "42.36",
                "32.42"
            ],
            "first_success": "0",
            "success_rate": "0/10",
            "l2_cm": "5.19",
            "l2_small_cm": "0.87",
            "l2_big_cm": "0.77"
        }
    },
    {
        "difficulty": "hard",
        "record": {
            "index": "67",
            "is_train": 0,
            "small_pos": [
                "28.39",
                "30.26"
            ],
            "big_pos": [
                "45.11",
                "32.53"
            ],
            "first_success": "0",
            "success_rate": "7/10",
            "l2_cm": "5.54",
            "l2_small_cm": "0.84",
            "l2_big_cm": "1.47"
        }
    },
    {
        "difficulty": "medium",
        "record": {
            "index": "75",
            "is_train": 0,
            "small_pos": [
                "47.96",
                "30.69"
            ],
            "big_pos": [
                "27.54",
                "29.82"
            ],
            "first_success": "1",
            "success_rate": "3/10",
            "l2_cm": "6.27",
            "l2_small_cm": "2.08",
            "l2_big_cm": "0.50"
        }
    },
    {
        "difficulty": "medium",
        "record": {
            "index": "86",
            "is_train": 0,
            "small_pos": [
                "28.68",
                "29.06"
            ],
            "big_pos": [
                "43.50",
                "26.90"
            ],
            "first_success": "1",
            "success_rate": "10/10",
            "l2_cm": "3.26",
            "l2_small_cm": "2.05",
            "l2_big_cm": "1.21"
        }
    },
    {
        "difficulty": "easy",
        "record": {
            "index": "4",
            "is_train": 0,
            "small_pos": [
                "29.06",
                "33.72"
            ],
            "big_pos": [
                "43.88",
                "26.36"
            ],
            "first_success": "1",
            "success_rate": "10/10",
            "l2_cm": "3.52",
            "l2_small_cm": "1.66",
            "l2_big_cm": "1.36"
        }
    },
    {
        "difficulty": "medium",
        "record": {
            "index": "26",
            "is_train": 0,
            "small_pos": [
                "27.92",
                "35.56"
            ],
            "big_pos": [
                "38.08",
                "25.82"
            ],
            "first_success": "0",
            "success_rate": "0/10",
            "l2_cm": "5.95",
            "l2_small_cm": "0.57",
            "l2_big_cm": "1.50"
        }
    },
    {
        "difficulty": "medium",
        "record": {
            "index": "10",
            "is_train": 0,
            "small_pos": [
                "36.47",
                "27.01"
            ],
            "big_pos": [
                "47.87",
                "27.33"
            ],
            "first_success": "1",
            "success_rate": "10/10",
            "l2_cm": "4.96",
            "l2_small_cm": "2.48",
            "l2_big_cm": "1.18"
        }
    },
    {
        "difficulty": "easy",
        "record": {
            "index": "58",
            "is_train": 0,
            "small_pos": [
                "41.88",
                "25.71"
            ],
            "big_pos": [
                "31.91",
                "30.15"
            ],
            "first_success": "1",
            "success_rate": "9/10",
            "l2_cm": "3.19",
            "l2_small_cm": "0.93",
            "l2_big_cm": "0.17"
        }
    }
]