[
    {
        "difficulty": "hard",
        "record": {
            "index": "4",
            "is_train": 0,
            "task": "Put two cubes into the cup.",
            "progress_1_rate": "0/10",
            "first_success": "0",
            "success_rate": "0/10"
        }
    },
    {
        "difficulty": "easy",
        "record": {
            "index": "45",
            "is_train": 0,
            "task": "Put one cube into the cup.",
            "first_success": "0",
            "success_rate": "2/10"
        }
    },
    {
        "difficulty": "easy",
        "record": {
            "index": "47",
            "is_train": 0,
            "task": "Put one cube into the cup.",
            "first_success": "0",
            "success_rate": "4/10"
        }
    },
    {
        "difficulty": "hard",
        "record": {
            "index": "34",
            "is_train": 0,
            "task": "Put one cube into the cup.",
            "first_success": "0",
            "success_rate": "1/10"
        }
    },
    {
        "difficulty": "hard",
        "record": {
            "index": "20",
            "is_train": 0,
            "task": "Put one cube into the cup.",
            "first_success": "0",
            "success_rate": "0/10"
        }
    },
    {
        "difficulty": "medium",
        "record": {
            "index": "28",
            "is_train": 0,
            "task": "Put one cube into the cup.",
            "first_success": "0",
            "success_rate": "1/10"
        }
    },
    {
        "difficulty": "hard",
        "record": {
            "index": "48",
            "is_train": 0,
            "task": "Put one cube into the cup.",
            "first_success": "0",
            "success_rate": "0/10"
        }
    },
    {
        "difficulty": "easy",
        "record": {
            "index": "29",
            "is_train": 0,
            "task": "Put one cube into the cup.",
            "first_success": "0",
            "success_rate": "2/10"
        }
    },
    {
        "difficulty": "hard",
        "record": {
            "index": "19",
            "is_train": 0,
            "task": "Put two cubes into the cup.",
            "progress_1_rate": "2/10",
            "first_success": "0",
            "success_rate": "0/10"
        }
    },
    {
        "difficulty": "medium",
        "record": {
            "index": "49",
            "is_train": 0,
            "task": "Put two cubes into the cup.",
            "progress_1_rate": "8/10",
            "first_success": "0",
            "success_rate": "0/10"
        }
    },
    {
        "difficulty": "NA",
        "record": {
            "index": "16",
            "is_train": 0,
            "task": "Put two cubes into the cup.",
            "progress_1_rate": "1/10",
            "first_success": "0",
            "success_rate": "0/10"
        }
    },
    {
        "difficulty": "medium",
        "record": {
            "index": "42",
            "is_train": 0,
            "task": "Put one cube into the cup.",
            "first_success": "0",
            "success_rate": "4/10"
        }
    },
    {
        "difficulty": "hard",
        "record": {
            "index": "0",
            "is_train": 0,
            "task": "Put two cubes into the cup.",
            "progress_1_rate": "2/10",
            "first_success": "0",
            "success_rate": "0/10"
        }
    },
    {
        "difficulty": "hard",
        "record": {
            "index": "31",
            "is_train": 0,
            "task": "Put two cubes into the cup.",
            "progress_1_rate": "1/10",
            "first_success": "0",
            "success_rate": "0/10"
        }
    },
    {
        "difficulty": "medium",
        "record": {
            "index": "45",
            "is_train": 0,
            "task": "Put one cube into the cup.",
            "first_success": "0",
            "success_rate": "5/10"
        }
    },
    {
        "difficulty": "easy",
        "record": {
            "index": "15",
            "is_train": 0,
            "task": "Put one cube into the cup.",
            "first_success": "0",
            "success_rate": "3/10"
        }
    },
    {
        "difficulty": "hard",
        "record": {
            "index": "17",
            "is_train": 0,
            "task": "Put two cubes into the cup.",
            "progress_1_rate": "4/10",
            "first_success": "0",
            "success_rate": "0/10"
        }
    },
    {
        "difficulty": "medium",
        "record": {
            "index": "19",
            "is_train": 0,
            "task": "Put one cube into the cup.",
            "first_success": "1",
            "success_rate": "9/11"
        }
    },
    {
        "difficulty": "hard",
        "record": {
            "index": "3",
            "is_train": 0,
            "task": "Put two cubes into the cup.",
            "progress_1_rate": "1/10",
            "first_success": "0",
            "success_rate": "1/10"
        }
    },
    {
        "difficulty": "medium",
        "record": {
            "index": "10",
            "is_train": 0,
            "task": "Put one cube into the cup.",
            "first_success": "1",
            "success_rate": "7/10"
        }
    }
]