[
    {
        "difficulty": "medium",
        "record": {
            "index": "7",
            "front_img": "./test/front_7.png",
            "side_img": "./test/side_7.png",
            "small_pos": [
                "27.06",
                "23.97"
            ],
            "big_pos": [
                "43.50",
                "30.04"
            ],
            "first_success": "1",
            "success_rate": "9/10",
            "l2_cm": "1.94",
            "l2_small_cm": "0.94",
            "l2_big_cm": "0.50"
        }
    },
    {
        "difficulty": "hard",
        "record": {
            "index": "97",
            "front_img": "./test/front_97.png",
            "side_img": "./test/side_97.png",
            "small_pos": [
                "41.12",
                "34.59"
            ],
            "big_pos": [
                "27.35",
                "27.12"
            ],
            "first_success": "0",
            "success_rate": "3/10",
            "l2_cm": "4.37",
            "l2_small_cm": "1.42",
            "l2_big_cm": "0.66"
        }
    },
    {
        "difficulty": "medium",
        "record": {
            "index": "43",
            "front_img": "./test/front_43.png",
            "side_img": "./test/side_43.png",
            "small_pos": [
                "34.76",
                "31.56"
            ],
            "big_pos": [
                "48.72",
                "27.22"
            ],
            "first_success": "0",
            "success_rate": "2/10",
            "l2_cm": "3.63",
            "l2_small_cm": "0.94",
            "l2_big_cm": "0.35"
        }
    },
    {
        "difficulty": "medium",
        "record": {
            "index": "63",
            "front_img": "./test/front_63.png",
            "side_img": "./test/side_63.png",
            "small_pos": [
                "28.87",
                "23.76"
            ],
            "big_pos": [
                "41.22",
                "29.39"
            ],
            "first_success": "1",
            "success_rate": "7/10",
            "l2_cm": "3.17",
            "l2_small_cm": "0.77",
            "l2_big_cm": "1.62"
        }
    },
    {
        "difficulty": "hard",
        "record": {
            "index": "17",
            "front_img": "./test/front_17.png",
            "side_img": "./test/side_17.png",
            "small_pos": [
                "40.08",
                "30.04"
            ],
            "big_pos": [
                "26.78",
                "28.20"
            ],
            "first_success": "1",
            "success_rate": "8/10",
            "l2_cm": "4.36",
            "l2_small_cm": "2.18",
            "l2_big_cm": "0.80"
        }
    },
    {
        "difficulty": "easy",
        "record": {
            "index": "28",
            "front_img": "./test/front_28.png",
            "side_img": "./test/side_28.png",
            "small_pos": [
                "27.44",
                "26.90"
            ],
            "big_pos": [
                "42.17",
                "31.99"
            ],
            "first_success": "1",
            "success_rate": "9/10",
            "l2_cm": "1.75",
            "l2_small_cm": "0.45",
            "l2_big_cm": "0.83"
        }
    },
    {
        "difficulty": "hard",
        "record": {
            "index": "38",
            "front_img": "./test/front_38.png",
            "side_img": "./test/side_38.png",
            "small_pos": [
                "34.95",
                "32.31"
            ],
            "big_pos": [
                "48.91",
                "31.12"
            ],
            "first_success": "1",
            "success_rate": "9/10",
            "l2_cm": "3.07",
            "l2_small_cm": "1.62",
            "l2_big_cm": "1.40"
        }
    },
    {
        "difficulty": "medium",
        "record": {
            "index": "88",
            "front_img": "./test/front_88.png",
            "side_img": "./test/side_88.png",
            "small_pos": [
                "29.34",
                "25.49"
            ],
            "big_pos": [
                "37.13",
                "26.68"
            ],
            "first_success": "0",
            "success_rate": "0/10",
            "l2_cm": "5.18",
            "l2_small_cm": "0.61",
            "l2_big_cm": "1.89"
        }
    },
    {
        "difficulty": "hard",
        "record": {
            "index": "12",
            "front_img": "./test/front_12.png",
            "side_img": "./test/side_12.png",
            "small_pos": [
                "40.65",
                "28.42"
            ],
            "big_pos": [
                "27.73",
                "28.42"
            ],
            "first_success": "0",
            "success_rate": "3/10",
            "l2_cm": "3.08",
            "l2_small_cm": "0.54",
            "l2_big_cm": "1.40"
        }
    },
    {
        "difficulty": "medium",
        "record": {
            "index": "23",
            "front_img": "./test/front_23.png",
            "side_img": "./test/side_23.png",
            "small_pos": [
                "26.21",
                "27.98"
            ],
            "big_pos": [
                "45.30",
                "30.04"
            ],
            "first_success": "0",
            "success_rate": "4/10",
            "l2_cm": "3.76",
            "l2_small_cm": "1.21",
            "l2_big_cm": "1.01"
        }
    },
    {
        "difficulty": "hard",
        "record": {
            "index": "75",
            "front_img": "./test/front_75.png",
            "side_img": "./test/side_75.png",
            "small_pos": [
                "47.96",
                "30.69"
            ],
            "big_pos": [
                "27.54",
                "29.82"
            ],
            "first_success": "0",
            "success_rate": "4/10",
            "l2_cm": "6.27",
            "l2_small_cm": "2.08",
            "l2_big_cm": "0.50"
        }
    },
    {
        "difficulty": "hard",
        "record": {
            "index": "11",
            "front_img": "./test/front_11.png",
            "side_img": "./test/side_11.png",
            "small_pos": [
                "46.44",
                "31.66"
            ],
            "big_pos": [
                "30.39",
                "32.10"
            ],
            "first_success": "0",
            "success_rate": "3/10",
            "l2_cm": "6.42",
            "l2_small_cm": "0.56",
            "l2_big_cm": "0.62"
        }
    },
    {
        "difficulty": "hard",
        "record": {
            "index": "15",
            "front_img": "./test/front_15.png",
            "side_img": "./test/side_15.png",
            "small_pos": [
                "48.15",
                "30.04"
            ],
            "big_pos": [
                "38.94",
                "33.07"
            ],
            "first_success": "0",
            "success_rate": "7/10",
            "l2_cm": "4.42",
            "l2_small_cm": "2.15",
            "l2_big_cm": "1.07"
        }
    },
    {
        "difficulty": "easy",
        "record": {
            "index": "40",
            "front_img": "./test/front_40.png",
            "side_img": "./test/side_40.png",
            "small_pos": [
                "30.58",
                "35.78"
            ],
            "big_pos": [
                "41.88",
                "26.14"
            ],
            "first_success": "1",
            "success_rate": "16/19",
            "l2_cm": "1.75",
            "l2_small_cm": "0.89",
            "l2_big_cm": "0.87"
        }
    },
    {
        "difficulty": "hard",
        "record": {
            "index": "36",
            "front_img": "./test/front_36.png",
            "side_img": "./test/side_36.png",
            "small_pos": [
                "39.22",
                "31.45"
            ],
            "big_pos": [
                "30.96",
                "29.06"
            ],
            "first_success": "0",
            "success_rate": "0/10",
            "l2_cm": "6.16",
            "l2_small_cm": "1.34",
            "l2_big_cm": "1.40"
        }
    },
    {
        "difficulty": "hard",
        "record": {
            "index": "93",
            "front_img": "./test/front_93.png",
            "side_img": "./test/side_93.png",
            "small_pos": [
                "48.53",
                "24.73"
            ],
            "big_pos": [
                "38.56",
                "27.98"
            ],
            "first_success": "0",
            "success_rate": "2/10",
            "l2_cm": "6.05",
            "l2_small_cm": "1.35",
            "l2_big_cm": "1.08"
        }
    },
    {
        "difficulty": "hard",
        "record": {
            "index": "48",
            "front_img": "./test/front_48.png",
            "side_img": "./test/side_48.png",
            "small_pos": [
                "52.05",
                "34.70"
            ],
            "big_pos": [
                "40.55",
                "30.15"
            ],
            "first_success": "0",
            "success_rate": "0/10",
            "l2_cm": "6.22",
            "l2_small_cm": "0.31",
            "l2_big_cm": "0.96"
        }
    },
    {
        "difficulty": "hard",
        "record": {
            "index": "74",
            "front_img": "./test/front_74.png",
            "side_img": "./test/side_74.png",
            "small_pos": [
                "48.15",
                "36.10"
            ],
            "big_pos": [
                "35.71",
                "32.75"
            ],
            "first_success": "0",
            "success_rate": "1/10",
            "l2_cm": "6.46",
            "l2_small_cm": "1.85",
            "l2_big_cm": "0.75"
        }
    },
    {
        "difficulty": "hard",
        "record": {
            "index": "69",
            "front_img": "./test/front_69.png",
            "side_img": "./test/side_69.png",
            "small_pos": [
                "48.91",
                "24.30"
            ],
            "big_pos": [
                "31.72",
                "28.42"
            ],
            "first_success": "0",
            "success_rate": "0/10",
            "l2_cm": "5.56",
            "l2_small_cm": "1.30",
            "l2_big_cm": "1.59"
        }
    },
    {
        "difficulty": "hard",
        "record": {
            "index": "47",
            "front_img": "./test/front_47.png",
            "side_img": "./test/side_47.png",
            "small_pos": [
                "34.09",
                "28.74"
            ],
            "big_pos": [
                "44.92",
                "27.22"
            ],
            "first_success": "0",
            "success_rate": "5/10",
            "l2_cm": "3.89",
            "l2_small_cm": "0.94",
            "l2_big_cm": "1.21"
        }
    }
]