[
    {
        "difficulty": "hard",
        "record": {
            "index": "30",
            "is_train": 0,
            "task": "Put two cubes into the cup.",
            "progress_1_rate": "1/10",
            "first_success": "0",
            "success_rate": "0/10"
        }
    },
    {
        "difficulty": "hard",
        "record": {
            "index": "0",
            "is_train": 0,
            "task": "Put three cubes into the cup.",
            "progress_1_rate": "0/10",
            "progress_2_rate": "0/10",
            "first_success": "0",
            "success_rate": "0/10"
        }
    },
    {
        "difficulty": "hard",
        "record": {
            "index": "6",
            "is_train": 0,
            "task": "Put one cube into the cup.",
            "first_success": "0",
            "success_rate": "2/10"
        }
    },
    {
        "difficulty": "hard",
        "record": {
            "index": "47",
            "is_train": 0,
            "task": "Put two cubes into the cup.",
            "progress_1_rate": "3/10",
            "first_success": "1",
            "success_rate": "2/10"
        }
    },
    {
        "difficulty": "hard",
        "record": {
            "index": "25",
            "is_train": 0,
            "task": "Put two cubes into the cup.",
            "progress_1_rate": "1/10",
            "first_success": "0",
            "success_rate": "0/10"
        }
    },
    {
        "difficulty": "medium",
        "record": {
            "index": "15",
            "is_train": 0,
            "task": "Put one cube into the cup.",
            "first_success": "0",
            "success_rate": "0/10"
        }
    },
    {
        "difficulty": "hard",
        "record": {
            "index": "16",
            "is_train": 0,
            "task": "Put two cubes into the cup.",
            "progress_1_rate": "1/10",
            "first_success": "1",
            "success_rate": "4/10"
        }
    },
    {
        "difficulty": "NA",
        "record": {
            "index": "43",
            "is_train": 0,
            "task": "Put one cube into the cup.",
            "first_success": "0",
            "success_rate": "0/10"
        }
    },
    {
        "difficulty": "hard",
        "record": {
            "index": "43",
            "is_train": 0,
            "task": "Put one cube into the cup.",
            "first_success": "0",
            "success_rate": "2/10"
        }
    },
    {
        "difficulty": "medium",
        "record": {
            "index": "24",
            "is_train": 0,
            "task": "Put two cubes into the cup.",
            "progress_1_rate": "0/10",
            "first_success": "0",
            "success_rate": "2/10"
        }
    },
    {
        "difficulty": "easy",
        "record": {
            "index": "4",
            "is_train": 0,
            "task": "Put one cube into the cup.",
            "first_success": "0",
            "success_rate": "0/10"
        }
    },
    {
        "difficulty": "medium",
        "record": {
            "index": "13",
            "is_train": 0,
            "task": "Put one cube into the cup.",
            "first_success": "1",
            "success_rate": "6/10"
        }
    },
    {
        "difficulty": "hard",
        "record": {
            "index": "25",
            "is_train": 0,
            "task": "Put one cube into the cup.",
            "first_success": "0",
            "success_rate": "1/10"
        }
    },
    {
        "difficulty": "hard",
        "record": {
            "index": "4",
            "is_train": 0,
            "task": "Put two cubes into the cup.",
            "progress_1_rate": "5/10",
            "first_success": "0",
            "success_rate": "0/10"
        }
    },
    {
        "difficulty": "hard",
        "record": {
            "index": "32",
            "is_train": 0,
            "task": "Put two cubes into the cup.",
            "progress_1_rate": "1/10",
            "first_success": "0",
            "success_rate": "0/10"
        }
    },
    {
        "difficulty": "hard",
        "record": {
            "index": "21",
            "is_train": 0,
            "task": "Put two cubes into the cup.",
            "progress_1_rate": "2/10",
            "first_success": "0",
            "success_rate": "1/10"
        }
    },
    {
        "difficulty": "hard",
        "record": {
            "index": "33",
            "is_train": 0,
            "task": "Put one cube into the cup.",
            "first_success": "0",
            "success_rate": "0/10"
        }
    },
    {
        "difficulty": "hard",
        "record": {
            "index": "20",
            "is_train": 0,
            "task": "Put two cubes into the cup.",
            "progress_1_rate": "0/10",
            "first_success": "0",
            "success_rate": "0/10"
        }
    },
    {
        "difficulty": "medium",
        "record": {
            "index": "42",
            "is_train": 0,
            "task": "Put one cube into the cup.",
            "first_success": "0",
            "success_rate": "4/10"
        }
    },
    {
        "difficulty": "hard",
        "record": {
            "index": "26",
            "is_train": 0,
            "task": "Put two cubes into the cup.",
            "progress_1_rate": "3/10",
            "first_success": "0",
            "success_rate": "2/10"
        }
    }
]