[
    {
        "difficulty": "hard",
        "record": {
            "index": "24",
            "is_train": 0,
            "task": "Put three cubes into the cup.",
            "progress_1_rate": "3/10",
            "progress_2_rate": "0/10",
            "first_success": "0",
            "success_rate": "0/10"
        }
    },
    {
        "difficulty": "hard",
        "record": {
            "index": "46",
            "is_train": 0,
            "task": "Put two cubes into the cup.",
            "progress_1_rate": "1/10",
            "first_success": "0",
            "success_rate": "3/10"
        }
    },
    {
        "difficulty": "easy",
        "record": {
            "index": "19",
            "is_train": 0,
            "task": "Put one cube into the cup.",
            "first_success": "1",
            "success_rate": "9/11"
        }
    },
    {
        "difficulty": "hard",
        "record": {
            "index": "37",
            "is_train": 0,
            "task": "Put one cube into the cup.",
            "first_success": "0",
            "success_rate": "4/10"
        }
    },
    {
        "difficulty": "medium",
        "record": {
            "index": "27",
            "is_train": 0,
            "task": "Put one cube into the cup.",
            "first_success": "0",
            "success_rate": "0/10"
        }
    },
    {
        "difficulty": "easy",
        "record": {
            "index": "18",
            "is_train": 0,
            "task": "Put one cube into the cup.",
            "first_success": "0",
            "success_rate": "0/10"
        }
    },
    {
        "difficulty": "hard",
        "record": {
            "index": "29",
            "is_train": 0,
            "task": "Put one cube into the cup.",
            "first_success": "0",
            "success_rate": "0/10"
        }
    },
    {
        "difficulty": "easy",
        "record": {
            "index": "49",
            "is_train": 0,
            "task": "Put one cube into the cup.",
            "first_success": "0",
            "success_rate": "0/10"
        }
    },
    {
        "difficulty": "hard",
        "record": {
            "index": "33",
            "is_train": 0,
            "task": "Put three cubes into the cup.",
            "progress_1_rate": "2/10",
            "progress_2_rate": "4/10",
            "first_success": "0",
            "success_rate": "0/10"
        }
    },
    {
        "difficulty": "hard",
        "record": {
            "index": "32",
            "is_train": 0,
            "task": "Put three cubes into the cup.",
            "progress_1_rate": "0/10",
            "progress_2_rate": "0/10",
            "first_success": "0",
            "success_rate": "0/10"
        }
    },
    {
        "difficulty": "easy",
        "record": {
            "index": "5",
            "is_train": 0,
            "task": "Put one cube into the cup.",
            "first_success": "1",
            "success_rate": "7/10"
        }
    },
    {
        "difficulty": "hard",
        "record": {
            "index": "10",
            "is_train": 0,
            "task": "Put three cubes into the cup.",
            "progress_1_rate": "2/10",
            "progress_2_rate": "2/10",
            "first_success": "0",
            "success_rate": "3/10"
        }
    },
    {
        "difficulty": "hard",
        "record": {
            "index": "0",
            "is_train": 0,
            "task": "Put two cubes into the cup.",
            "progress_1_rate": "0/10",
            "first_success": "0",
            "success_rate": "0/10"
        }
    },
    {
        "difficulty": "hard",
        "record": {
            "index": "15",
            "is_train": 0,
            "task": "Put one cube into the cup.",
            "first_success": "0",
            "success_rate": "0/10"
        }
    },
    {
        "difficulty": "easy",
        "record": {
            "index": "6",
            "is_train": 0,
            "task": "Put one cube into the cup.",
            "first_success": "0",
            "success_rate": "0/10"
        }
    },
    {
        "difficulty": "hard",
        "record": {
            "index": "0",
            "is_train": 0,
            "task": "Put one cube into the cup.",
            "first_success": "0",
            "success_rate": "4/10"
        }
    },
    {
        "difficulty": "hard",
        "record": {
            "index": "17",
            "is_train": 0,
            "task": "Put two cubes into the cup.",
            "progress_1_rate": "4/10",
            "first_success": "0",
            "success_rate": "0/10"
        }
    },
    {
        "difficulty": "hard",
        "record": {
            "index": "40",
            "is_train": 0,
            "task": "Put two cubes into the cup.",
            "progress_1_rate": "4/10",
            "first_success": "0",
            "success_rate": "3/10"
        }
    },
    {
        "difficulty": "hard",
        "record": {
            "index": "2",
            "is_train": 0,
            "task": "Put two cubes into the cup.",
            "progress_1_rate": "0/10",
            "first_success": "0",
            "success_rate": "0/10"
        }
    },
    {
        "difficulty": "hard",
        "record": {
            "index": "9",
            "is_train": 0,
            "task": "Put one cube into the cup.",
            "first_success": "0",
            "success_rate": "2/10"
        }
    }
]