[
    {
        "difficulty": "medium",
        "record": {
            "index": "63",
            "front_img": "./test/front_63.png",
            "side_img": "./test/side_63.png",
            "small_pos": [
                "28.87",
                "23.76"
            ],
            "big_pos": [
                "41.22",
                "29.39"
            ],
            "first_success": "1",
            "success_rate": "8/10",
            "l2_cm": "3.17",
            "l2_small_cm": "0.77",
            "l2_big_cm": "1.62"
        }
    },
    {
        "difficulty": "hard",
        "record": {
            "index": "99",
            "front_img": "./test/front_99.png",
            "side_img": "./test/side_99.png",
            "small_pos": [
                "30.96",
                "24.84"
            ],
            "big_pos": [
                "29.25",
                "31.66"
            ],
            "first_success": "0",
            "success_rate": "0/10",
            "l2_cm": "6.32",
            "l2_small_cm": "1.56",
            "l2_big_cm": "1.41"
        }
    },
    {
        "difficulty": "easy",
        "record": {
            "index": "40",
            "front_img": "./test/front_40.png",
            "side_img": "./test/side_40.png",
            "small_pos": [
                "30.58",
                "35.78"
            ],
            "big_pos": [
                "41.88",
                "26.14"
            ],
            "first_success": "0",
            "success_rate": "4/10",
            "l2_cm": "1.75",
            "l2_small_cm": "0.89",
            "l2_big_cm": "0.87"
        }
    },
    {
        "difficulty": "easy",
        "record": {
            "index": "85",
            "front_img": "./test/front_85.png",
            "side_img": "./test/side_85.png",
            "small_pos": [
                "45.87",
                "28.42"
            ],
            "big_pos": [
                "33.43",
                "31.34"
            ],
            "first_success": "0",
            "success_rate": "6/10",
            "l2_cm": "2.04",
            "l2_small_cm": "0.43",
            "l2_big_cm": "0.67"
        }
    },
    {
        "difficulty": "hard",
        "record": {
            "index": "3",
            "front_img": "./test/front_3.png",
            "side_img": "./test/side_3.png",
            "small_pos": [
                "47.68",
                "26.57"
            ],
            "big_pos": [
                "30.48",
                "32.21"
            ],
            "first_success": "1",
            "success_rate": "3/10",
            "l2_cm": "5.26",
            "l2_small_cm": "1.44",
            "l2_big_cm": "0.56"
        }
    },
    {
        "difficulty": "medium",
        "record": {
            "index": "47",
            "front_img": "./test/front_47.png",
            "side_img": "./test/side_47.png",
            "small_pos": [
                "34.09",
                "28.74"
            ],
            "big_pos": [
                "44.92",
                "27.22"
            ],
            "first_success": "0",
            "success_rate": "1/10",
            "l2_cm": "3.89",
            "l2_small_cm": "0.94",
            "l2_big_cm": "1.21"
        }
    },
    {
        "difficulty": "hard",
        "record": {
            "index": "36",
            "front_img": "./test/front_36.png",
            "side_img": "./test/side_36.png",
            "small_pos": [
                "39.22",
                "31.45"
            ],
            "big_pos": [
                "30.96",
                "29.06"
            ],
            "first_success": "0",
            "success_rate": "0/10",
            "l2_cm": "6.16",
            "l2_small_cm": "1.34",
            "l2_big_cm": "1.40"
        }
    },
    {
        "difficulty": "hard",
        "record": {
            "index": "22",
            "front_img": "./test/front_22.png",
            "side_img": "./test/side_22.png",
            "small_pos": [
                "35.99",
                "35.45"
            ],
            "big_pos": [
                "47.01",
                "28.20"
            ],
            "first_success": "0",
            "success_rate": "2/10",
            "l2_cm": "4.10",
            "l2_small_cm": "0.55",
            "l2_big_cm": "2.05"
        }
    },
    {
        "difficulty": "hard",
        "record": {
            "index": "98",
            "front_img": "./test/front_98.png",
            "side_img": "./test/side_98.png",
            "small_pos": [
                "33.81",
                "25.17"
            ],
            "big_pos": [
                "36.56",
                "30.69"
            ],
            "first_success": "0",
            "success_rate": "0/10",
            "l2_cm": "7.30",
            "l2_small_cm": "0.86",
            "l2_big_cm": "0.54"
        }
    },
    {
        "difficulty": "hard",
        "record": {
            "index": "59",
            "front_img": "./test/front_59.png",
            "side_img": "./test/side_59.png",
            "small_pos": [
                "51.67",
                "32.21"
            ],
            "big_pos": [
                "37.23",
                "29.61"
            ],
            "first_success": "0",
            "success_rate": "0/10",
            "l2_cm": "2.30",
            "l2_small_cm": "1.85",
            "l2_big_cm": "0.45"
        }
    },
    {
        "difficulty": "hard",
        "record": {
            "index": "15",
            "front_img": "./test/front_15.png",
            "side_img": "./test/side_15.png",
            "small_pos": [
                "48.15",
                "30.04"
            ],
            "big_pos": [
                "38.94",
                "33.07"
            ],
            "first_success": "0",
            "success_rate": "1/10",
            "l2_cm": "4.42",
            "l2_small_cm": "2.15",
            "l2_big_cm": "1.07"
        }
    },
    {
        "difficulty": "hard",
        "record": {
            "index": "33",
            "front_img": "./test/front_33.png",
            "side_img": "./test/side_33.png",
            "small_pos": [
                "27.63",
                "28.52"
            ],
            "big_pos": [
                "35.61",
                "27.22"
            ],
            "first_success": "0",
            "success_rate": "1/10",
            "l2_cm": "5.80",
            "l2_small_cm": "1.65",
            "l2_big_cm": "0.99"
        }
    },
    {
        "difficulty": "medium",
        "record": {
            "index": "58",
            "front_img": "./test/front_58.png",
            "side_img": "./test/side_58.png",
            "small_pos": [
                "41.88",
                "25.71"
            ],
            "big_pos": [
                "31.91",
                "30.15"
            ],
            "first_success": "0",
            "success_rate": "7/10",
            "l2_cm": "3.19",
            "l2_small_cm": "0.93",
            "l2_big_cm": "0.17"
        }
    },
    {
        "difficulty": "hard",
        "record": {
            "index": "25",
            "front_img": "./test/front_25.png",
            "side_img": "./test/side_25.png",
            "small_pos": [
                "42.74",
                "27.66"
            ],
            "big_pos": [
                "29.82",
                "26.03"
            ],
            "first_success": "0",
            "success_rate": "0/10",
            "l2_cm": "5.90",
            "l2_small_cm": "0.71",
            "l2_big_cm": "1.53"
        }
    },
    {
        "difficulty": "hard",
        "record": {
            "index": "42",
            "front_img": "./test/front_42.png",
            "side_img": "./test/side_42.png",
            "small_pos": [
                "43.40",
                "30.47"
            ],
            "big_pos": [
                "32.48",
                "31.99"
            ],
            "first_success": "0",
            "success_rate": "0/10",
            "l2_cm": "4.97",
            "l2_small_cm": "2.03",
            "l2_big_cm": "1.48"
        }
    },
    {
        "difficulty": "hard",
        "record": {
            "index": "5",
            "front_img": "./test/front_5.png",
            "side_img": "./test/side_5.png",
            "small_pos": [
                "31.24",
                "24.73"
            ],
            "big_pos": [
                "37.99",
                "30.91"
            ],
            "first_success": "0",
            "success_rate": "0/10",
            "l2_cm": "6.67",
            "l2_small_cm": "1.48",
            "l2_big_cm": "0.99"
        }
    },
    {
        "difficulty": "easy",
        "record": {
            "index": "29",
            "front_img": "./test/front_29.png",
            "side_img": "./test/side_29.png",
            "small_pos": [
                "26.21",
                "24.95"
            ],
            "big_pos": [
                "41.60",
                "29.50"
            ],
            "first_success": "1",
            "success_rate": "7/10",
            "l2_cm": "4.13",
            "l2_small_cm": "0.79",
            "l2_big_cm": "1.49"
        }
    },
    {
        "difficulty": "hard",
        "record": {
            "index": "24",
            "front_img": "./test/front_24.png",
            "side_img": "./test/side_24.png",
            "small_pos": [
                "30.48",
                "23.76"
            ],
            "big_pos": [
                "50.81",
                "27.98"
            ],
            "first_success": "0",
            "success_rate": "0/10",
            "l2_cm": "9.15",
            "l2_small_cm": "1.66",
            "l2_big_cm": "1.03"
        }
    },
    {
        "difficulty": "NA",
        "record": {
            "index": "65",
            "front_img": "./test/front_65.png",
            "side_img": "./test/side_65.png",
            "small_pos": [
                "32.19",
                "23.76"
            ],
            "big_pos": [
                "46.82",
                "31.34"
            ],
            "first_success": "0",
            "success_rate": "1/10",
            "l2_cm": "3.63",
            "l2_small_cm": "0.78",
            "l2_big_cm": "0.68"
        }
    },
    {
        "difficulty": "medium",
        "record": {
            "index": "39",
            "front_img": "./test/front_39.png",
            "side_img": "./test/side_39.png",
            "small_pos": [
                "27.06",
                "23.54"
            ],
            "big_pos": [
                "41.22",
                "28.09"
            ],
            "first_success": "0",
            "success_rate": "1/10",
            "l2_cm": "4.42",
            "l2_small_cm": "1.04",
            "l2_big_cm": "1.34"
        }
    }
]