[
    {
        "difficulty": "hard",
        "record": {
            "index": "98",
            "front_img": "./test/front_98.png",
            "side_img": "./test/side_98.png",
            "small_pos": [
                "33.81",
                "25.17"
            ],
            "big_pos": [
                "36.56",
                "30.69"
            ],
            "first_success": "0",
            "success_rate": "0/10",
            "l2_cm": "7.30",
            "l2_small_cm": "0.86",
            "l2_big_cm": "0.54"
        }
    },
    {
        "difficulty": "hard",
        "record": {
            "index": "42",
            "front_img": "./test/front_42.png",
            "side_img": "./test/side_42.png",
            "small_pos": [
                "43.40",
                "30.47"
            ],
            "big_pos": [
                "32.48",
                "31.99"
            ],
            "first_success": "1",
            "success_rate": "2/11",
            "l2_cm": "4.97",
            "l2_small_cm": "2.03",
            "l2_big_cm": "1.48"
        }
    },
    {
        "difficulty": "hard",
        "record": {
            "index": "54",
            "front_img": "./test/front_54.png",
            "side_img": "./test/side_54.png",
            "small_pos": [
                "29.15",
                "23.87"
            ],
            "big_pos": [
                "42.93",
                "28.74"
            ],
            "first_success": "0",
            "success_rate": "6/10",
            "l2_cm": "3.14",
            "l2_small_cm": "0.88",
            "l2_big_cm": "0.27"
        }
    },
    {
        "difficulty": "medium",
        "record": {
            "index": "72",
            "front_img": "./test/front_72.png",
            "side_img": "./test/side_72.png",
            "small_pos": [
                "27.54",
                "29.82"
            ],
            "big_pos": [
                "49.77",
                "30.91"
            ],
            "first_success": "1",
            "success_rate": "5/10",
            "l2_cm": "7.16",
            "l2_small_cm": "1.26",
            "l2_big_cm": "1.12"
        }
    },
    {
        "difficulty": "hard",
        "record": {
            "index": "15",
            "front_img": "./test/front_15.png",
            "side_img": "./test/side_15.png",
            "small_pos": [
                "48.15",
                "30.04"
            ],
            "big_pos": [
                "38.94",
                "33.07"
            ],
            "first_success": "0",
            "success_rate": "7/10",
            "l2_cm": "4.42",
            "l2_small_cm": "2.15",
            "l2_big_cm": "1.07"
        }
    },
    {
        "difficulty": "hard",
        "record": {
            "index": "20",
            "front_img": "./test/front_20.png",
            "side_img": "./test/side_20.png",
            "small_pos": [
                "44.83",
                "24.95"
            ],
            "big_pos": [
                "37.61",
                "28.31"
            ],
            "first_success": "0",
            "success_rate": "0/10",
            "l2_cm": "5.88",
            "l2_small_cm": "2.06",
            "l2_big_cm": "1.80"
        }
    },
    {
        "difficulty": "hard",
        "record": {
            "index": "1",
            "front_img": "./test/front_1.png",
            "side_img": "./test/side_1.png",
            "small_pos": [
                "52.33",
                "28.09"
            ],
            "big_pos": [
                "43.50",
                "30.80"
            ],
            "first_success": "0",
            "success_rate": "0/10",
            "l2_cm": "6.71",
            "l2_small_cm": "0.35",
            "l2_big_cm": "0.54"
        }
    },
    {
        "difficulty": "hard",
        "record": {
            "index": "56",
            "front_img": "./test/front_56.png",
            "side_img": "./test/side_56.png",
            "small_pos": [
                "29.91",
                "26.03"
            ],
            "big_pos": [
                "47.49",
                "30.47"
            ],
            "first_success": "1",
            "success_rate": "3/11",
            "l2_cm": "5.62",
            "l2_small_cm": "0.91",
            "l2_big_cm": "0.70"
        }
    },
    {
        "difficulty": "hard",
        "record": {
            "index": "6",
            "front_img": "./test/front_6.png",
            "side_img": "./test/side_6.png",
            "small_pos": [
                "36.28",
                "35.35"
            ],
            "big_pos": [
                "27.82",
                "25.71"
            ],
            "first_success": "0",
            "success_rate": "0/10",
            "l2_cm": "1.58",
            "l2_small_cm": "0.71",
            "l2_big_cm": "0.73"
        }
    },
    {
        "difficulty": "medium",
        "record": {
            "index": "75",
            "front_img": "./test/front_75.png",
            "side_img": "./test/side_75.png",
            "small_pos": [
                "47.96",
                "30.69"
            ],
            "big_pos": [
                "27.54",
                "29.82"
            ],
            "first_success": "0",
            "success_rate": "4/10",
            "l2_cm": "6.27",
            "l2_small_cm": "2.08",
            "l2_big_cm": "0.50"
        }
    },
    {
        "difficulty": "medium",
        "record": {
            "index": "40",
            "front_img": "./test/front_40.png",
            "side_img": "./test/side_40.png",
            "small_pos": [
                "30.58",
                "35.78"
            ],
            "big_pos": [
                "41.88",
                "26.14"
            ],
            "first_success": "1",
            "success_rate": "16/19",
            "l2_cm": "1.75",
            "l2_small_cm": "0.89",
            "l2_big_cm": "0.87"
        }
    },
    {
        "difficulty": "hard",
        "record": {
            "index": "79",
            "front_img": "./test/front_79.png",
            "side_img": "./test/side_79.png",
            "small_pos": [
                "28.49",
                "32.42"
            ],
            "big_pos": [
                "47.01",
                "26.68"
            ],
            "first_success": "0",
            "success_rate": "2/10",
            "l2_cm": "5.73",
            "l2_small_cm": "1.50",
            "l2_big_cm": "1.68"
        }
    },
    {
        "difficulty": "NA",
        "record": {
            "index": "85",
            "front_img": "./test/front_85.png",
            "side_img": "./test/side_85.png",
            "small_pos": [
                "45.87",
                "28.42"
            ],
            "big_pos": [
                "33.43",
                "31.34"
            ],
            "first_success": "1",
            "success_rate": "10/10",
            "l2_cm": "2.04",
            "l2_small_cm": "0.43",
            "l2_big_cm": "0.67"
        }
    },
    {
        "difficulty": "medium",
        "record": {
            "index": "66",
            "front_img": "./test/front_66.png",
            "side_img": "./test/side_66.png",
            "small_pos": [
                "27.92",
                "24.52"
            ],
            "big_pos": [
                "40.74",
                "29.06"
            ],
            "first_success": "1",
            "success_rate": "7/10",
            "l2_cm": "3.98",
            "l2_small_cm": "0.52",
            "l2_big_cm": "1.95"
        }
    },
    {
        "difficulty": "easy",
        "record": {
            "index": "62",
            "front_img": "./test/front_62.png",
            "side_img": "./test/side_62.png",
            "small_pos": [
                "28.87",
                "31.66"
            ],
            "big_pos": [
                "43.78",
                "30.36"
            ],
            "first_success": "0",
            "success_rate": "7/10",
            "l2_cm": "3.58",
            "l2_small_cm": "1.09",
            "l2_big_cm": "0.42"
        }
    },
    {
        "difficulty": "hard",
        "record": {
            "index": "97",
            "front_img": "./test/front_97.png",
            "side_img": "./test/side_97.png",
            "small_pos": [
                "41.12",
                "34.59"
            ],
            "big_pos": [
                "27.35",
                "27.12"
            ],
            "first_success": "0",
            "success_rate": "3/10",
            "l2_cm": "4.37",
            "l2_small_cm": "1.42",
            "l2_big_cm": "0.66"
        }
    },
    {
        "difficulty": "hard",
        "record": {
            "index": "35",
            "front_img": "./test/front_35.png",
            "side_img": "./test/side_35.png",
            "small_pos": [
                "49.67",
                "26.90"
            ],
            "big_pos": [
                "31.81",
                "31.56"
            ],
            "first_success": "0",
            "success_rate": "3/10",
            "l2_cm": "4.45",
            "l2_small_cm": "1.12",
            "l2_big_cm": "0.93"
        }
    },
    {
        "difficulty": "medium",
        "record": {
            "index": "17",
            "front_img": "./test/front_17.png",
            "side_img": "./test/side_17.png",
            "small_pos": [
                "40.08",
                "30.04"
            ],
            "big_pos": [
                "26.78",
                "28.20"
            ],
            "first_success": "1",
            "success_rate": "8/10",
            "l2_cm": "4.36",
            "l2_small_cm": "2.18",
            "l2_big_cm": "0.80"
        }
    },
    {
        "difficulty": "medium",
        "record": {
            "index": "68",
            "front_img": "./test/front_68.png",
            "side_img": "./test/side_68.png",
            "small_pos": [
                "26.78",
                "32.53"
            ],
            "big_pos": [
                "38.94",
                "31.23"
            ],
            "first_success": "1",
            "success_rate": "5/10",
            "l2_cm": "6.58",
            "l2_small_cm": "1.96",
            "l2_big_cm": "0.77"
        }
    },
    {
        "difficulty": "hard",
        "record": {
            "index": "25",
            "front_img": "./test/front_25.png",
            "side_img": "./test/side_25.png",
            "small_pos": [
                "42.74",
                "27.66"
            ],
            "big_pos": [
                "29.82",
                "26.03"
            ],
            "first_success": "0",
            "success_rate": "0/10",
            "l2_cm": "5.90",
            "l2_small_cm": "0.71",
            "l2_big_cm": "1.53"
        }
    }
]