[
    {
        "difficulty": "hard",
        "record": {
            "index": "19",
            "front_img": "./test/front_19.png",
            "side_img": "./test/side_19.png",
            "small_pos": [
                "32.38",
                "31.66"
            ],
            "big_pos": [
                "45.78",
                "28.09"
            ],
            "first_success": "0",
            "success_rate": "1/10",
            "l2_cm": "3.25",
            "l2_small_cm": "0.51",
            "l2_big_cm": "1.20"
        }
    },
    {
        "difficulty": "medium",
        "record": {
            "index": "12",
            "front_img": "./test/front_12.png",
            "side_img": "./test/side_12.png",
            "small_pos": [
                "40.65",
                "28.42"
            ],
            "big_pos": [
                "27.73",
                "28.42"
            ],
            "first_success": "0",
            "success_rate": "2/10",
            "l2_cm": "3.08",
            "l2_small_cm": "0.54",
            "l2_big_cm": "1.40"
        }
    },
    {
        "difficulty": "hard",
        "record": {
            "index": "78",
            "front_img": "./test/front_78.png",
            "side_img": "./test/side_78.png",
            "small_pos": [
                "47.87",
                "25.49"
            ],
            "big_pos": [
                "34.28",
                "27.33"
            ],
            "first_success": "0",
            "success_rate": "1/10",
            "l2_cm": "6.87",
            "l2_small_cm": "1.24",
            "l2_big_cm": "0.44"
        }
    },
    {
        "difficulty": "NA",
        "record": {
            "index": "87",
            "front_img": "./test/front_87.png",
            "side_img": "./test/side_87.png",
            "small_pos": [
                "48.72",
                "28.20"
            ],
            "big_pos": [
                "36.94",
                "29.28"
            ],
            "first_success": "0",
            "success_rate": "1/10",
            "l2_cm": "3.06",
            "l2_small_cm": "0.34",
            "l2_big_cm": "0.72"
        }
    },
    {
        "difficulty": "easy",
        "record": {
            "index": "7",
            "front_img": "./test/front_7.png",
            "side_img": "./test/side_7.png",
            "small_pos": [
                "27.06",
                "23.97"
            ],
            "big_pos": [
                "43.50",
                "30.04"
            ],
            "first_success": "0",
            "success_rate": "7/10",
            "l2_cm": "1.94",
            "l2_small_cm": "0.94",
            "l2_big_cm": "0.50"
        }
    },
    {
        "difficulty": "hard",
        "record": {
            "index": "73",
            "front_img": "./test/front_73.png",
            "side_img": "./test/side_73.png",
            "small_pos": [
                "25.16",
                "34.91"
            ],
            "big_pos": [
                "44.64",
                "26.57"
            ],
            "first_success": "0",
            "success_rate": "0/10",
            "l2_cm": "3.11",
            "l2_small_cm": "0.18",
            "l2_big_cm": "1.56"
        }
    },
    {
        "difficulty": "medium",
        "record": {
            "index": "58",
            "front_img": "./test/front_58.png",
            "side_img": "./test/side_58.png",
            "small_pos": [
                "41.88",
                "25.71"
            ],
            "big_pos": [
                "31.91",
                "30.15"
            ],
            "first_success": "0",
            "success_rate": "7/10",
            "l2_cm": "3.19",
            "l2_small_cm": "0.93",
            "l2_big_cm": "0.17"
        }
    },
    {
        "difficulty": "medium",
        "record": {
            "index": "29",
            "front_img": "./test/front_29.png",
            "side_img": "./test/side_29.png",
            "small_pos": [
                "26.21",
                "24.95"
            ],
            "big_pos": [
                "41.60",
                "29.50"
            ],
            "first_success": "1",
            "success_rate": "7/10",
            "l2_cm": "4.13",
            "l2_small_cm": "0.79",
            "l2_big_cm": "1.49"
        }
    },
    {
        "difficulty": "medium",
        "record": {
            "index": "50",
            "front_img": "./test/front_50.png",
            "side_img": "./test/side_50.png",
            "small_pos": [
                "29.06",
                "24.52"
            ],
            "big_pos": [
                "38.18",
                "30.04"
            ],
            "first_success": "1",
            "success_rate": "7/10",
            "l2_cm": "5.66",
            "l2_small_cm": "1.18",
            "l2_big_cm": "1.18"
        }
    },
    {
        "difficulty": "hard",
        "record": {
            "index": "99",
            "front_img": "./test/front_99.png",
            "side_img": "./test/side_99.png",
            "small_pos": [
                "30.96",
                "24.84"
            ],
            "big_pos": [
                "29.25",
                "31.66"
            ],
            "first_success": "0",
            "success_rate": "0/10",
            "l2_cm": "6.32",
            "l2_small_cm": "1.56",
            "l2_big_cm": "1.41"
        }
    },
    {
        "difficulty": "hard",
        "record": {
            "index": "93",
            "front_img": "./test/front_93.png",
            "side_img": "./test/side_93.png",
            "small_pos": [
                "48.53",
                "24.73"
            ],
            "big_pos": [
                "38.56",
                "27.98"
            ],
            "first_success": "0",
            "success_rate": "0/10",
            "l2_cm": "6.05",
            "l2_small_cm": "1.35",
            "l2_big_cm": "1.08"
        }
    },
    {
        "difficulty": "medium",
        "record": {
            "index": "82",
            "front_img": "./test/front_82.png",
            "side_img": "./test/side_82.png",
            "small_pos": [
                "33.71",
                "30.36"
            ],
            "big_pos": [
                "46.54",
                "29.39"
            ],
            "first_success": "0",
            "success_rate": "0/10",
            "l2_cm": "2.28",
            "l2_small_cm": "0.70",
            "l2_big_cm": "1.58"
        }
    },
    {
        "difficulty": "hard",
        "record": {
            "index": "46",
            "front_img": "./test/front_46.png",
            "side_img": "./test/side_46.png",
            "small_pos": [
                "44.54",
                "31.99"
            ],
            "big_pos": [
                "37.04",
                "28.31"
            ],
            "first_success": "0",
            "success_rate": "0/10",
            "l2_cm": "4.76",
            "l2_small_cm": "1.46",
            "l2_big_cm": "1.69"
        }
    },
    {
        "difficulty": "medium",
        "record": {
            "index": "14",
            "front_img": "./test/front_14.png",
            "side_img": "./test/side_14.png",
            "small_pos": [
                "35.71",
                "33.83"
            ],
            "big_pos": [
                "46.92",
                "33.61"
            ],
            "first_success": "1",
            "success_rate": "5/10",
            "l2_cm": "5.84",
            "l2_small_cm": "1.37",
            "l2_big_cm": "1.62"
        }
    },
    {
        "difficulty": "medium",
        "record": {
            "index": "54",
            "front_img": "./test/front_54.png",
            "side_img": "./test/side_54.png",
            "small_pos": [
                "29.15",
                "23.87"
            ],
            "big_pos": [
                "42.93",
                "28.74"
            ],
            "first_success": "1",
            "success_rate": "2/10",
            "l2_cm": "3.14",
            "l2_small_cm": "0.88",
            "l2_big_cm": "0.27"
        }
    },
    {
        "difficulty": "easy",
        "record": {
            "index": "28",
            "front_img": "./test/front_28.png",
            "side_img": "./test/side_28.png",
            "small_pos": [
                "27.44",
                "26.90"
            ],
            "big_pos": [
                "42.17",
                "31.99"
            ],
            "first_success": "1",
            "success_rate": "10/10",
            "l2_cm": "1.75",
            "l2_small_cm": "0.45",
            "l2_big_cm": "0.83"
        }
    },
    {
        "difficulty": "easy",
        "record": {
            "index": "70",
            "front_img": "./test/front_70.png",
            "side_img": "./test/side_70.png",
            "small_pos": [
                "32.29",
                "27.66"
            ],
            "big_pos": [
                "47.30",
                "26.03"
            ],
            "first_success": "0",
            "success_rate": "2/10",
            "l2_cm": "4.10",
            "l2_small_cm": "1.37",
            "l2_big_cm": "1.07"
        }
    },
    {
        "difficulty": "medium",
        "record": {
            "index": "66",
            "front_img": "./test/front_66.png",
            "side_img": "./test/side_66.png",
            "small_pos": [
                "27.92",
                "24.52"
            ],
            "big_pos": [
                "40.74",
                "29.06"
            ],
            "first_success": "0",
            "success_rate": "6/10",
            "l2_cm": "3.98",
            "l2_small_cm": "0.52",
            "l2_big_cm": "1.95"
        }
    },
    {
        "difficulty": "hard",
        "record": {
            "index": "27",
            "front_img": "./test/front_27.png",
            "side_img": "./test/side_27.png",
            "small_pos": [
                "30.48",
                "33.94"
            ],
            "big_pos": [
                "45.30",
                "26.03"
            ],
            "first_success": "1",
            "success_rate": "9/10",
            "l2_cm": "4.62",
            "l2_small_cm": "1.18",
            "l2_big_cm": "1.66"
        }
    },
    {
        "difficulty": "medium",
        "record": {
            "index": "5",
            "front_img": "./test/front_5.png",
            "side_img": "./test/side_5.png",
            "small_pos": [
                "31.24",
                "24.73"
            ],
            "big_pos": [
                "37.99",
                "30.91"
            ],
            "first_success": "0",
            "success_rate": "0/10",
            "l2_cm": "6.67",
            "l2_small_cm": "1.48",
            "l2_big_cm": "0.99"
        }
    }
]