[
    {
        "difficulty": "hard",
        "record": {
            "index": "52",
            "front_img": "./test/front_52.png",
            "side_img": "./test/side_52.png",
            "small_pos": [
                "25.83",
                "33.72"
            ],
            "big_pos": [
                "34.66",
                "30.15"
            ],
            "first_success": "0",
            "success_rate": "0/10",
            "l2_cm": "8.20",
            "l2_small_cm": "0.87",
            "l2_big_cm": "0.68"
        }
    },
    {
        "difficulty": "medium",
        "record": {
            "index": "50",
            "front_img": "./test/front_50.png",
            "side_img": "./test/side_50.png",
            "small_pos": [
                "29.06",
                "24.52"
            ],
            "big_pos": [
                "38.18",
                "30.04"
            ],
            "first_success": "1",
            "success_rate": "6/10",
            "l2_cm": "5.66",
            "l2_small_cm": "1.18",
            "l2_big_cm": "1.18"
        }
    },
    {
        "difficulty": "medium",
        "record": {
            "index": "14",
            "front_img": "./test/front_14.png",
            "side_img": "./test/side_14.png",
            "small_pos": [
                "35.71",
                "33.83"
            ],
            "big_pos": [
                "46.92",
                "33.61"
            ],
            "first_success": "0",
            "success_rate": "6/10",
            "l2_cm": "5.84",
            "l2_small_cm": "1.37",
            "l2_big_cm": "1.62"
        }
    },
    {
        "difficulty": "medium",
        "record": {
            "index": "67",
            "front_img": "./test/front_67.png",
            "side_img": "./test/side_67.png",
            "small_pos": [
                "28.39",
                "30.26"
            ],
            "big_pos": [
                "45.11",
                "32.53"
            ],
            "first_success": "1",
            "success_rate": "8/10",
            "l2_cm": "5.54",
            "l2_small_cm": "0.84",
            "l2_big_cm": "1.47"
        }
    },
    {
        "difficulty": "medium",
        "record": {
            "index": "90",
            "front_img": "./test/front_90.png",
            "side_img": "./test/side_90.png",
            "small_pos": [
                "27.35",
                "30.47"
            ],
            "big_pos": [
                "50.43",
                "30.58"
            ],
            "first_success": "0",
            "success_rate": "3/10",
            "l2_cm": "5.92",
            "l2_small_cm": "0.84",
            "l2_big_cm": "1.48"
        }
    },
    {
        "difficulty": "hard",
        "record": {
            "index": "59",
            "front_img": "./test/front_59.png",
            "side_img": "./test/side_59.png",
            "small_pos": [
                "51.67",
                "32.21"
            ],
            "big_pos": [
                "37.23",
                "29.61"
            ],
            "first_success": "0",
            "success_rate": "0/10",
            "l2_cm": "2.30",
            "l2_small_cm": "1.85",
            "l2_big_cm": "0.45"
        }
    },
    {
        "difficulty": "NA",
        "record": {
            "index": "25",
            "front_img": "./test/front_25.png",
            "side_img": "./test/side_25.png",
            "small_pos": [
                "42.74",
                "27.66"
            ],
            "big_pos": [
                "29.82",
                "26.03"
            ],
            "first_success": "0",
            "success_rate": "0/10",
            "l2_cm": "5.90",
            "l2_small_cm": "0.71",
            "l2_big_cm": "1.53"
        }
    },
    {
        "difficulty": "medium",
        "record": {
            "index": "45",
            "front_img": "./test/front_45.png",
            "side_img": "./test/side_45.png",
            "small_pos": [
                "30.86",
                "24.19"
            ],
            "big_pos": [
                "43.50",
                "26.68"
            ],
            "first_success": "0",
            "success_rate": "0/10",
            "l2_cm": "4.79",
            "l2_small_cm": "1.65",
            "l2_big_cm": "1.41"
        }
    },
    {
        "difficulty": "medium",
        "record": {
            "index": "91",
            "front_img": "./test/front_91.png",
            "side_img": "./test/side_91.png",
            "small_pos": [
                "31.72",
                "29.82"
            ],
            "big_pos": [
                "42.36",
                "32.42"
            ],
            "first_success": "0",
            "success_rate": "2/10",
            "l2_cm": "5.19",
            "l2_small_cm": "0.87",
            "l2_big_cm": "0.77"
        }
    },
    {
        "difficulty": "easy",
        "record": {
            "index": "96",
            "front_img": "./test/front_96.png",
            "side_img": "./test/side_96.png",
            "small_pos": [
                "32.19",
                "31.34"
            ],
            "big_pos": [
                "44.35",
                "28.63"
            ],
            "first_success": "0",
            "success_rate": "7/10",
            "l2_cm": "2.57",
            "l2_small_cm": "0.69",
            "l2_big_cm": "0.72"
        }
    },
    {
        "difficulty": "easy",
        "record": {
            "index": "53",
            "front_img": "./test/front_53.png",
            "side_img": "./test/side_53.png",
            "small_pos": [
                "35.80",
                "27.77"
            ],
            "big_pos": [
                "49.20",
                "33.18"
            ],
            "first_success": "1",
            "success_rate": "10/10",
            "l2_cm": "6.63",
            "l2_small_cm": "1.47",
            "l2_big_cm": "1.43"
        }
    },
    {
        "difficulty": "hard",
        "record": {
            "index": "21",
            "front_img": "./test/front_21.png",
            "side_img": "./test/side_21.png",
            "small_pos": [
                "44.73",
                "28.52"
            ],
            "big_pos": [
                "36.85",
                "27.44"
            ],
            "first_success": "0",
            "success_rate": "0/10",
            "l2_cm": "5.38",
            "l2_small_cm": "1.37",
            "l2_big_cm": "1.93"
        }
    },
    {
        "difficulty": "medium",
        "record": {
            "index": "79",
            "front_img": "./test/front_79.png",
            "side_img": "./test/side_79.png",
            "small_pos": [
                "28.49",
                "32.42"
            ],
            "big_pos": [
                "47.01",
                "26.68"
            ],
            "first_success": "0",
            "success_rate": "2/10",
            "l2_cm": "5.73",
            "l2_small_cm": "1.50",
            "l2_big_cm": "1.68"
        }
    },
    {
        "difficulty": "hard",
        "record": {
            "index": "98",
            "front_img": "./test/front_98.png",
            "side_img": "./test/side_98.png",
            "small_pos": [
                "33.81",
                "25.17"
            ],
            "big_pos": [
                "36.56",
                "30.69"
            ],
            "first_success": "0",
            "success_rate": "0/10",
            "l2_cm": "7.30",
            "l2_small_cm": "0.86",
            "l2_big_cm": "0.54"
        }
    },
    {
        "difficulty": "hard",
        "record": {
            "index": "88",
            "front_img": "./test/front_88.png",
            "side_img": "./test/side_88.png",
            "small_pos": [
                "29.34",
                "25.49"
            ],
            "big_pos": [
                "37.13",
                "26.68"
            ],
            "first_success": "0",
            "success_rate": "0/10",
            "l2_cm": "5.18",
            "l2_small_cm": "0.61",
            "l2_big_cm": "1.89"
        }
    },
    {
        "difficulty": "hard",
        "record": {
            "index": "69",
            "front_img": "./test/front_69.png",
            "side_img": "./test/side_69.png",
            "small_pos": [
                "48.91",
                "24.30"
            ],
            "big_pos": [
                "31.72",
                "28.42"
            ],
            "first_success": "0",
            "success_rate": "0/10",
            "l2_cm": "5.56",
            "l2_small_cm": "1.30",
            "l2_big_cm": "1.59"
        }
    },
    {
        "difficulty": "hard",
        "record": {
            "index": "83",
            "front_img": "./test/front_83.png",
            "side_img": "./test/side_83.png",
            "small_pos": [
                "30.77",
                "27.66"
            ],
            "big_pos": [
                "42.74",
                "25.82"
            ],
            "first_success": "0",
            "success_rate": "0/10",
            "l2_cm": "5.43",
            "l2_small_cm": "1.82",
            "l2_big_cm": "1.40"
        }
    },
    {
        "difficulty": "hard",
        "record": {
            "index": "97",
            "front_img": "./test/front_97.png",
            "side_img": "./test/side_97.png",
            "small_pos": [
                "41.12",
                "34.59"
            ],
            "big_pos": [
                "27.35",
                "27.12"
            ],
            "first_success": "0",
            "success_rate": "3/10",
            "l2_cm": "4.37",
            "l2_small_cm": "1.42",
            "l2_big_cm": "0.66"
        }
    },
    {
        "difficulty": "medium",
        "record": {
            "index": "55",
            "front_img": "./test/front_55.png",
            "side_img": "./test/side_55.png",
            "small_pos": [
                "39.51",
                "26.25"
            ],
            "big_pos": [
                "51.10",
                "28.31"
            ],
            "first_success": "0",
            "success_rate": "3/10",
            "l2_cm": "6.15",
            "l2_small_cm": "1.51",
            "l2_big_cm": "0.70"
        }
    },
    {
        "difficulty": "easy",
        "record": {
            "index": "28",
            "front_img": "./test/front_28.png",
            "side_img": "./test/side_28.png",
            "small_pos": [
                "27.44",
                "26.90"
            ],
            "big_pos": [
                "42.17",
                "31.99"
            ],
            "first_success": "1",
            "success_rate": "9/10",
            "l2_cm": "1.75",
            "l2_small_cm": "0.45",
            "l2_big_cm": "0.83"
        }
    }
]