[
    {
        "difficulty": "medium",
        "record": {
            "index": "65",
            "front_img": "./test/front_65.png",
            "side_img": "./test/side_65.png",
            "small_pos": [
                "32.19",
                "23.76"
            ],
            "big_pos": [
                "46.82",
                "31.34"
            ],
            "first_success": "0",
            "success_rate": "1/10",
            "l2_cm": "3.63",
            "l2_small_cm": "0.78",
            "l2_big_cm": "0.68"
        }
    },
    {
        "difficulty": "hard",
        "record": {
            "index": "46",
            "front_img": "./test/front_46.png",
            "side_img": "./test/side_46.png",
            "small_pos": [
                "44.54",
                "31.99"
            ],
            "big_pos": [
                "37.04",
                "28.31"
            ],
            "first_success": "0",
            "success_rate": "0/10",
            "l2_cm": "4.76",
            "l2_small_cm": "1.46",
            "l2_big_cm": "1.69"
        }
    },
    {
        "difficulty": "medium",
        "record": {
            "index": "8",
            "front_img": "./test/front_8.png",
            "side_img": "./test/side_8.png",
            "small_pos": [
                "28.68",
                "25.60"
            ],
            "big_pos": [
                "39.32",
                "32.86"
            ],
            "first_success": "1",
            "success_rate": "10/10",
            "l2_cm": "5.52",
            "l2_small_cm": "0.51",
            "l2_big_cm": "0.91"
        }
    },
    {
        "difficulty": "medium",
        "record": {
            "index": "35",
            "front_img": "./test/front_35.png",
            "side_img": "./test/side_35.png",
            "small_pos": [
                "49.67",
                "26.90"
            ],
            "big_pos": [
                "31.81",
                "31.56"
            ],
            "first_success": "1",
            "success_rate": "2/10",
            "l2_cm": "4.45",
            "l2_small_cm": "1.12",
            "l2_big_cm": "0.93"
        }
    },
    {
        "difficulty": "NA",
        "record": {
            "index": "91",
            "front_img": "./test/front_91.png",
            "side_img": "./test/side_91.png",
            "small_pos": [
                "31.72",
                "29.82"
            ],
            "big_pos": [
                "42.36",
                "32.42"
            ],
            "first_success": "0",
            "success_rate": "6/10",
            "l2_cm": "5.19",
            "l2_small_cm": "0.87",
            "l2_big_cm": "0.77"
        }
    },
    {
        "difficulty": "easy",
        "record": {
            "index": "0",
            "front_img": "./test/front_0.png",
            "side_img": "./test/side_0.png",
            "small_pos": [
                "30.10",
                "24.84"
            ],
            "big_pos": [
                "35.04",
                "30.69"
            ],
            "first_success": "0",
            "success_rate": "0/10",
            "l2_cm": "2.85",
            "l2_small_cm": "1.60",
            "l2_big_cm": "0.31"
        }
    },
    {
        "difficulty": "medium",
        "record": {
            "index": "80",
            "front_img": "./test/front_80.png",
            "side_img": "./test/side_80.png",
            "small_pos": [
                "39.41",
                "35.35"
            ],
            "big_pos": [
                "27.82",
                "25.92"
            ],
            "first_success": "1",
            "success_rate": "5/10",
            "l2_cm": "4.30",
            "l2_small_cm": "1.72",
            "l2_big_cm": "0.83"
        }
    },
    {
        "difficulty": "medium",
        "record": {
            "index": "13",
            "front_img": "./test/front_13.png",
            "side_img": "./test/side_13.png",
            "small_pos": [
                "33.14",
                "31.34"
            ],
            "big_pos": [
                "49.20",
                "27.66"
            ],
            "first_success": "0",
            "success_rate": "2/10",
            "l2_cm": "3.55",
            "l2_small_cm": "0.92",
            "l2_big_cm": "0.69"
        }
    },
    {
        "difficulty": "hard",
        "record": {
            "index": "25",
            "front_img": "./test/front_25.png",
            "side_img": "./test/side_25.png",
            "small_pos": [
                "42.74",
                "27.66"
            ],
            "big_pos": [
                "29.82",
                "26.03"
            ],
            "first_success": "0",
            "success_rate": "0/10",
            "l2_cm": "5.90",
            "l2_small_cm": "0.71",
            "l2_big_cm": "1.53"
        }
    },
    {
        "difficulty": "easy",
        "record": {
            "index": "87",
            "front_img": "./test/front_87.png",
            "side_img": "./test/side_87.png",
            "small_pos": [
                "48.72",
                "28.20"
            ],
            "big_pos": [
                "36.94",
                "29.28"
            ],
            "first_success": "0",
            "success_rate": "1/10",
            "l2_cm": "3.06",
            "l2_small_cm": "0.34",
            "l2_big_cm": "0.72"
        }
    },
    {
        "difficulty": "hard",
        "record": {
            "index": "88",
            "front_img": "./test/front_88.png",
            "side_img": "./test/side_88.png",
            "small_pos": [
                "29.34",
                "25.49"
            ],
            "big_pos": [
                "37.13",
                "26.68"
            ],
            "first_success": "0",
            "success_rate": "1/10",
            "l2_cm": "5.18",
            "l2_small_cm": "0.61",
            "l2_big_cm": "1.89"
        }
    },
    {
        "difficulty": "hard",
        "record": {
            "index": "24",
            "front_img": "./test/front_24.png",
            "side_img": "./test/side_24.png",
            "small_pos": [
                "30.48",
                "23.76"
            ],
            "big_pos": [
                "50.81",
                "27.98"
            ],
            "first_success": "0",
            "success_rate": "0/10",
            "l2_cm": "9.15",
            "l2_small_cm": "1.66",
            "l2_big_cm": "1.03"
        }
    },
    {
        "difficulty": "hard",
        "record": {
            "index": "74",
            "front_img": "./test/front_74.png",
            "side_img": "./test/side_74.png",
            "small_pos": [
                "48.15",
                "36.10"
            ],
            "big_pos": [
                "35.71",
                "32.75"
            ],
            "first_success": "0",
            "success_rate": "0/10",
            "l2_cm": "6.46",
            "l2_small_cm": "1.85",
            "l2_big_cm": "0.75"
        }
    },
    {
        "difficulty": "hard",
        "record": {
            "index": "33",
            "front_img": "./test/front_33.png",
            "side_img": "./test/side_33.png",
            "small_pos": [
                "27.63",
                "28.52"
            ],
            "big_pos": [
                "35.61",
                "27.22"
            ],
            "first_success": "0",
            "success_rate": "1/10",
            "l2_cm": "5.80",
            "l2_small_cm": "1.65",
            "l2_big_cm": "0.99"
        }
    },
    {
        "difficulty": "medium",
        "record": {
            "index": "23",
            "front_img": "./test/front_23.png",
            "side_img": "./test/side_23.png",
            "small_pos": [
                "26.21",
                "27.98"
            ],
            "big_pos": [
                "45.30",
                "30.04"
            ],
            "first_success": "1",
            "success_rate": "10/10",
            "l2_cm": "3.76",
            "l2_small_cm": "1.21",
            "l2_big_cm": "1.01"
        }
    },
    {
        "difficulty": "easy",
        "record": {
            "index": "85",
            "front_img": "./test/front_85.png",
            "side_img": "./test/side_85.png",
            "small_pos": [
                "45.87",
                "28.42"
            ],
            "big_pos": [
                "33.43",
                "31.34"
            ],
            "first_success": "0",
            "success_rate": "6/10",
            "l2_cm": "2.04",
            "l2_small_cm": "0.43",
            "l2_big_cm": "0.67"
        }
    },
    {
        "difficulty": "medium",
        "record": {
            "index": "95",
            "front_img": "./test/front_95.png",
            "side_img": "./test/side_95.png",
            "small_pos": [
                "50.91",
                "32.75"
            ],
            "big_pos": [
                "36.75",
                "32.64"
            ],
            "first_success": "0",
            "success_rate": "0/10",
            "l2_cm": "3.59",
            "l2_small_cm": "0.94",
            "l2_big_cm": "0.69"
        }
    },
    {
        "difficulty": "easy",
        "record": {
            "index": "40",
            "front_img": "./test/front_40.png",
            "side_img": "./test/side_40.png",
            "small_pos": [
                "30.58",
                "35.78"
            ],
            "big_pos": [
                "41.88",
                "26.14"
            ],
            "first_success": "0",
            "success_rate": "4/10",
            "l2_cm": "1.75",
            "l2_small_cm": "0.89",
            "l2_big_cm": "0.87"
        }
    },
    {
        "difficulty": "hard",
        "record": {
            "index": "37",
            "front_img": "./test/front_37.png",
            "side_img": "./test/side_37.png",
            "small_pos": [
                "39.13",
                "35.45"
            ],
            "big_pos": [
                "51.19",
                "32.75"
            ],
            "first_success": "0",
            "success_rate": "0/10",
            "l2_cm": "9.10",
            "l2_small_cm": "1.95",
            "l2_big_cm": "0.32"
        }
    },
    {
        "difficulty": "medium",
        "record": {
            "index": "50",
            "front_img": "./test/front_50.png",
            "side_img": "./test/side_50.png",
            "small_pos": [
                "29.06",
                "24.52"
            ],
            "big_pos": [
                "38.18",
                "30.04"
            ],
            "first_success": "1",
            "success_rate": "7/10",
            "l2_cm": "5.66",
            "l2_small_cm": "1.18",
            "l2_big_cm": "1.18"
        }
    }
]