[
    {
        "difficulty": "medium",
        "record": {
            "index": "70",
            "front_img": "./test/front_70.png",
            "side_img": "./test/side_70.png",
            "small_pos": [
                "32.29",
                "27.66"
            ],
            "big_pos": [
                "47.30",
                "26.03"
            ],
            "first_success": "0",
            "success_rate": "2/10",
            "l2_cm": "4.10",
            "l2_small_cm": "1.37",
            "l2_big_cm": "1.07"
        }
    },
    {
        "difficulty": "hard",
        "record": {
            "index": "30",
            "front_img": "./test/front_30.png",
            "side_img": "./test/side_30.png",
            "small_pos": [
                "51.00",
                "26.25"
            ],
            "big_pos": [
                "37.61",
                "28.96"
            ],
            "first_success": "0",
            "success_rate": "0/10",
            "l2_cm": "5.75",
            "l2_small_cm": "1.03",
            "l2_big_cm": "1.21"
        }
    },
    {
        "difficulty": "hard",
        "record": {
            "index": "25",
            "front_img": "./test/front_25.png",
            "side_img": "./test/side_25.png",
            "small_pos": [
                "42.74",
                "27.66"
            ],
            "big_pos": [
                "29.82",
                "26.03"
            ],
            "first_success": "0",
            "success_rate": "0/10",
            "l2_cm": "5.90",
            "l2_small_cm": "0.71",
            "l2_big_cm": "1.53"
        }
    },
    {
        "difficulty": "hard",
        "record": {
            "index": "79",
            "front_img": "./test/front_79.png",
            "side_img": "./test/side_79.png",
            "small_pos": [
                "28.49",
                "32.42"
            ],
            "big_pos": [
                "47.01",
                "26.68"
            ],
            "first_success": "0",
            "success_rate": "3/10",
            "l2_cm": "5.73",
            "l2_small_cm": "1.50",
            "l2_big_cm": "1.68"
        }
    },
    {
        "difficulty": "hard",
        "record": {
            "index": "20",
            "front_img": "./test/front_20.png",
            "side_img": "./test/side_20.png",
            "small_pos": [
                "44.83",
                "24.95"
            ],
            "big_pos": [
                "37.61",
                "28.31"
            ],
            "first_success": "0",
            "success_rate": "0/10",
            "l2_cm": "5.88",
            "l2_small_cm": "2.06",
            "l2_big_cm": "1.80"
        }
    },
    {
        "difficulty": "hard",
        "record": {
            "index": "1",
            "front_img": "./test/front_1.png",
            "side_img": "./test/side_1.png",
            "small_pos": [
                "52.33",
                "28.09"
            ],
            "big_pos": [
                "43.50",
                "30.80"
            ],
            "first_success": "0",
            "success_rate": "0/10",
            "l2_cm": "6.71",
            "l2_small_cm": "0.35",
            "l2_big_cm": "0.54"
        }
    },
    {
        "difficulty": "medium",
        "record": {
            "index": "19",
            "front_img": "./test/front_19.png",
            "side_img": "./test/side_19.png",
            "small_pos": [
                "32.38",
                "31.66"
            ],
            "big_pos": [
                "45.78",
                "28.09"
            ],
            "first_success": "0",
            "success_rate": "1/10",
            "l2_cm": "3.25",
            "l2_small_cm": "0.51",
            "l2_big_cm": "1.20"
        }
    },
    {
        "difficulty": "hard",
        "record": {
            "index": "48",
            "front_img": "./test/front_48.png",
            "side_img": "./test/side_48.png",
            "small_pos": [
                "52.05",
                "34.70"
            ],
            "big_pos": [
                "40.55",
                "30.15"
            ],
            "first_success": "0",
            "success_rate": "0/10",
            "l2_cm": "6.22",
            "l2_small_cm": "0.31",
            "l2_big_cm": "0.96"
        }
    },
    {
        "difficulty": "hard",
        "record": {
            "index": "72",
            "front_img": "./test/front_72.png",
            "side_img": "./test/side_72.png",
            "small_pos": [
                "27.54",
                "29.82"
            ],
            "big_pos": [
                "49.77",
                "30.91"
            ],
            "first_success": "1",
            "success_rate": "5/10",
            "l2_cm": "7.16",
            "l2_small_cm": "1.26",
            "l2_big_cm": "1.12"
        }
    },
    {
        "difficulty": "hard",
        "record": {
            "index": "34",
            "front_img": "./test/front_34.png",
            "side_img": "./test/side_34.png",
            "small_pos": [
                "51.10",
                "29.06"
            ],
            "big_pos": [
                "32.00",
                "25.49"
            ],
            "first_success": "0",
            "success_rate": "0/10",
            "l2_cm": "7.81",
            "l2_small_cm": "1.30",
            "l2_big_cm": "1.81"
        }
    },
    {
        "difficulty": "easy",
        "record": {
            "index": "85",
            "front_img": "./test/front_85.png",
            "side_img": "./test/side_85.png",
            "small_pos": [
                "45.87",
                "28.42"
            ],
            "big_pos": [
                "33.43",
                "31.34"
            ],
            "first_success": "0",
            "success_rate": "6/10",
            "l2_cm": "2.04",
            "l2_small_cm": "0.43",
            "l2_big_cm": "0.67"
        }
    },
    {
        "difficulty": "hard",
        "record": {
            "index": "74",
            "front_img": "./test/front_74.png",
            "side_img": "./test/side_74.png",
            "small_pos": [
                "48.15",
                "36.10"
            ],
            "big_pos": [
                "35.71",
                "32.75"
            ],
            "first_success": "0",
            "success_rate": "0/10",
            "l2_cm": "6.46",
            "l2_small_cm": "1.85",
            "l2_big_cm": "0.75"
        }
    },
    {
        "difficulty": "hard",
        "record": {
            "index": "69",
            "front_img": "./test/front_69.png",
            "side_img": "./test/side_69.png",
            "small_pos": [
                "48.91",
                "24.30"
            ],
            "big_pos": [
                "31.72",
                "28.42"
            ],
            "first_success": "0",
            "success_rate": "0/10",
            "l2_cm": "5.56",
            "l2_small_cm": "1.30",
            "l2_big_cm": "1.59"
        }
    },
    {
        "difficulty": "easy",
        "record": {
            "index": "6",
            "front_img": "./test/front_6.png",
            "side_img": "./test/side_6.png",
            "small_pos": [
                "36.28",
                "35.35"
            ],
            "big_pos": [
                "27.82",
                "25.71"
            ],
            "first_success": "0",
            "success_rate": "0/10",
            "l2_cm": "1.58",
            "l2_small_cm": "0.71",
            "l2_big_cm": "0.73"
        }
    },
    {
        "difficulty": "easy",
        "record": {
            "index": "65",
            "front_img": "./test/front_65.png",
            "side_img": "./test/side_65.png",
            "small_pos": [
                "32.19",
                "23.76"
            ],
            "big_pos": [
                "46.82",
                "31.34"
            ],
            "first_success": "0",
            "success_rate": "1/10",
            "l2_cm": "3.63",
            "l2_small_cm": "0.78",
            "l2_big_cm": "0.68"
        }
    },
    {
        "difficulty": "hard",
        "record": {
            "index": "83",
            "front_img": "./test/front_83.png",
            "side_img": "./test/side_83.png",
            "small_pos": [
                "30.77",
                "27.66"
            ],
            "big_pos": [
                "42.74",
                "25.82"
            ],
            "first_success": "0",
            "success_rate": "1/10",
            "l2_cm": "5.43",
            "l2_small_cm": "1.82",
            "l2_big_cm": "1.40"
        }
    },
    {
        "difficulty": "hard",
        "record": {
            "index": "24",
            "front_img": "./test/front_24.png",
            "side_img": "./test/side_24.png",
            "small_pos": [
                "30.48",
                "23.76"
            ],
            "big_pos": [
                "50.81",
                "27.98"
            ],
            "first_success": "0",
            "success_rate": "0/10",
            "l2_cm": "9.15",
            "l2_small_cm": "1.66",
            "l2_big_cm": "1.03"
        }
    },
    {
        "difficulty": "hard",
        "record": {
            "index": "46",
            "front_img": "./test/front_46.png",
            "side_img": "./test/side_46.png",
            "small_pos": [
                "44.54",
                "31.99"
            ],
            "big_pos": [
                "37.04",
                "28.31"
            ],
            "first_success": "0",
            "success_rate": "0/10",
            "l2_cm": "4.76",
            "l2_small_cm": "1.46",
            "l2_big_cm": "1.69"
        }
    },
    {
        "difficulty": "hard",
        "record": {
            "index": "51",
            "front_img": "./test/front_51.png",
            "side_img": "./test/side_51.png",
            "small_pos": [
                "51.86",
                "24.62"
            ],
            "big_pos": [
                "27.44",
                "27.01"
            ],
            "first_success": "0",
            "success_rate": "0/10",
            "l2_cm": "7.70",
            "l2_small_cm": "1.38",
            "l2_big_cm": "0.56"
        }
    },
    {
        "difficulty": "medium",
        "record": {
            "index": "63",
            "front_img": "./test/front_63.png",
            "side_img": "./test/side_63.png",
            "small_pos": [
                "28.87",
                "23.76"
            ],
            "big_pos": [
                "41.22",
                "29.39"
            ],
            "first_success": "1",
            "success_rate": "8/10",
            "l2_cm": "3.17",
            "l2_small_cm": "0.77",
            "l2_big_cm": "1.62"
        }
    }
]