[
    {
        "difficulty": "hard",
        "record": {
            "index": "13",
            "front_img": "./test/front_13.png",
            "side_img": "./test/side_13.png",
            "small_pos": [
                "33.14",
                "31.34"
            ],
            "big_pos": [
                "49.20",
                "27.66"
            ],
            "first_success": "0",
            "success_rate": "2/10",
            "l2_cm": "3.55",
            "l2_small_cm": "0.92",
            "l2_big_cm": "0.69"
        }
    },
    {
        "difficulty": "hard",
        "record": {
            "index": "88",
            "front_img": "./test/front_88.png",
            "side_img": "./test/side_88.png",
            "small_pos": [
                "29.34",
                "25.49"
            ],
            "big_pos": [
                "37.13",
                "26.68"
            ],
            "first_success": "0",
            "success_rate": "1/10",
            "l2_cm": "5.18",
            "l2_small_cm": "0.61",
            "l2_big_cm": "1.89"
        }
    },
    {
        "difficulty": "hard",
        "record": {
            "index": "22",
            "front_img": "./test/front_22.png",
            "side_img": "./test/side_22.png",
            "small_pos": [
                "35.99",
                "35.45"
            ],
            "big_pos": [
                "47.01",
                "28.20"
            ],
            "first_success": "0",
            "success_rate": "2/10",
            "l2_cm": "4.10",
            "l2_small_cm": "0.55",
            "l2_big_cm": "2.05"
        }
    },
    {
        "difficulty": "hard",
        "record": {
            "index": "25",
            "front_img": "./test/front_25.png",
            "side_img": "./test/side_25.png",
            "small_pos": [
                "42.74",
                "27.66"
            ],
            "big_pos": [
                "29.82",
                "26.03"
            ],
            "first_success": "0",
            "success_rate": "0/10",
            "l2_cm": "5.90",
            "l2_small_cm": "0.71",
            "l2_big_cm": "1.53"
        }
    },
    {
        "difficulty": "hard",
        "record": {
            "index": "92",
            "front_img": "./test/front_92.png",
            "side_img": "./test/side_92.png",
            "small_pos": [
                "42.74",
                "27.98"
            ],
            "big_pos": [
                "32.10",
                "27.33"
            ],
            "first_success": "0",
            "success_rate": "0/10",
            "l2_cm": "5.81",
            "l2_small_cm": "1.02",
            "l2_big_cm": "1.15"
        }
    },
    {
        "difficulty": "medium",
        "record": {
            "index": "3",
            "front_img": "./test/front_3.png",
            "side_img": "./test/side_3.png",
            "small_pos": [
                "47.68",
                "26.57"
            ],
            "big_pos": [
                "30.48",
                "32.21"
            ],
            "first_success": "1",
            "success_rate": "3/10",
            "l2_cm": "5.26",
            "l2_small_cm": "1.44",
            "l2_big_cm": "0.56"
        }
    },
    {
        "difficulty": "hard",
        "record": {
            "index": "38",
            "front_img": "./test/front_38.png",
            "side_img": "./test/side_38.png",
            "small_pos": [
                "34.95",
                "32.31"
            ],
            "big_pos": [
                "48.91",
                "31.12"
            ],
            "first_success": "1",
            "success_rate": "6/10",
            "l2_cm": "3.07",
            "l2_small_cm": "1.62",
            "l2_big_cm": "1.40"
        }
    },
    {
        "difficulty": "easy",
        "record": {
            "index": "81",
            "front_img": "./test/front_81.png",
            "side_img": "./test/side_81.png",
            "small_pos": [
                "26.30",
                "24.73"
            ],
            "big_pos": [
                "38.27",
                "27.77"
            ],
            "first_success": "0",
            "success_rate": "5/10",
            "l2_cm": "2.38",
            "l2_small_cm": "0.75",
            "l2_big_cm": "1.06"
        }
    },
    {
        "difficulty": "hard",
        "record": {
            "index": "90",
            "front_img": "./test/front_90.png",
            "side_img": "./test/side_90.png",
            "small_pos": [
                "27.35",
                "30.47"
            ],
            "big_pos": [
                "50.43",
                "30.58"
            ],
            "first_success": "1",
            "success_rate": "7/10",
            "l2_cm": "5.92",
            "l2_small_cm": "0.84",
            "l2_big_cm": "1.48"
        }
    },
    {
        "difficulty": "medium",
        "record": {
            "index": "50",
            "front_img": "./test/front_50.png",
            "side_img": "./test/side_50.png",
            "small_pos": [
                "29.06",
                "24.52"
            ],
            "big_pos": [
                "38.18",
                "30.04"
            ],
            "first_success": "1",
            "success_rate": "7/10",
            "l2_cm": "5.66",
            "l2_small_cm": "1.18",
            "l2_big_cm": "1.18"
        }
    },
    {
        "difficulty": "hard",
        "record": {
            "index": "48",
            "front_img": "./test/front_48.png",
            "side_img": "./test/side_48.png",
            "small_pos": [
                "52.05",
                "34.70"
            ],
            "big_pos": [
                "40.55",
                "30.15"
            ],
            "first_success": "0",
            "success_rate": "0/10",
            "l2_cm": "6.22",
            "l2_small_cm": "0.31",
            "l2_big_cm": "0.96"
        }
    },
    {
        "difficulty": "medium",
        "record": {
            "index": "62",
            "front_img": "./test/front_62.png",
            "side_img": "./test/side_62.png",
            "small_pos": [
                "28.87",
                "31.66"
            ],
            "big_pos": [
                "43.78",
                "30.36"
            ],
            "first_success": "0",
            "success_rate": "9/10",
            "l2_cm": "3.58",
            "l2_small_cm": "1.09",
            "l2_big_cm": "0.42"
        }
    },
    {
        "difficulty": "hard",
        "record": {
            "index": "36",
            "front_img": "./test/front_36.png",
            "side_img": "./test/side_36.png",
            "small_pos": [
                "39.22",
                "31.45"
            ],
            "big_pos": [
                "30.96",
                "29.06"
            ],
            "first_success": "0",
            "success_rate": "0/10",
            "l2_cm": "6.16",
            "l2_small_cm": "1.34",
            "l2_big_cm": "1.40"
        }
    },
    {
        "difficulty": "hard",
        "record": {
            "index": "79",
            "front_img": "./test/front_79.png",
            "side_img": "./test/side_79.png",
            "small_pos": [
                "28.49",
                "32.42"
            ],
            "big_pos": [
                "47.01",
                "26.68"
            ],
            "first_success": "0",
            "success_rate": "3/10",
            "l2_cm": "5.73",
            "l2_small_cm": "1.50",
            "l2_big_cm": "1.68"
        }
    },
    {
        "difficulty": "hard",
        "record": {
            "index": "43",
            "front_img": "./test/front_43.png",
            "side_img": "./test/side_43.png",
            "small_pos": [
                "34.76",
                "31.56"
            ],
            "big_pos": [
                "48.72",
                "27.22"
            ],
            "first_success": "1",
            "success_rate": "6/10",
            "l2_cm": "3.63",
            "l2_small_cm": "0.94",
            "l2_big_cm": "0.35"
        }
    },
    {
        "difficulty": "hard",
        "record": {
            "index": "98",
            "front_img": "./test/front_98.png",
            "side_img": "./test/side_98.png",
            "small_pos": [
                "33.81",
                "25.17"
            ],
            "big_pos": [
                "36.56",
                "30.69"
            ],
            "first_success": "0",
            "success_rate": "0/10",
            "l2_cm": "7.30",
            "l2_small_cm": "0.86",
            "l2_big_cm": "0.54"
        }
    },
    {
        "difficulty": "medium",
        "record": {
            "index": "91",
            "front_img": "./test/front_91.png",
            "side_img": "./test/side_91.png",
            "small_pos": [
                "31.72",
                "29.82"
            ],
            "big_pos": [
                "42.36",
                "32.42"
            ],
            "first_success": "0",
            "success_rate": "6/10",
            "l2_cm": "5.19",
            "l2_small_cm": "0.87",
            "l2_big_cm": "0.77"
        }
    },
    {
        "difficulty": "easy",
        "record": {
            "index": "70",
            "front_img": "./test/front_70.png",
            "side_img": "./test/side_70.png",
            "small_pos": [
                "32.29",
                "27.66"
            ],
            "big_pos": [
                "47.30",
                "26.03"
            ],
            "first_success": "0",
            "success_rate": "2/10",
            "l2_cm": "4.10",
            "l2_small_cm": "1.37",
            "l2_big_cm": "1.07"
        }
    },
    {
        "difficulty": "hard",
        "record": {
            "index": "93",
            "front_img": "./test/front_93.png",
            "side_img": "./test/side_93.png",
            "small_pos": [
                "48.53",
                "24.73"
            ],
            "big_pos": [
                "38.56",
                "27.98"
            ],
            "first_success": "0",
            "success_rate": "0/10",
            "l2_cm": "6.05",
            "l2_small_cm": "1.35",
            "l2_big_cm": "1.08"
        }
    },
    {
        "difficulty": "hard",
        "record": {
            "index": "37",
            "front_img": "./test/front_37.png",
            "side_img": "./test/side_37.png",
            "small_pos": [
                "39.13",
                "35.45"
            ],
            "big_pos": [
                "51.19",
                "32.75"
            ],
            "first_success": "0",
            "success_rate": "0/10",
            "l2_cm": "9.10",
            "l2_small_cm": "1.95",
            "l2_big_cm": "0.32"
        }
    }
]