[
    {
        "difficulty": "easy",
        "record": {
            "index": "18",
            "is_train": 0,
            "task": "Put one cube into the cup.",
            "first_success": "1",
            "success_rate": "4/10"
        }
    },
    {
        "difficulty": "hard",
        "record": {
            "index": "7",
            "is_train": 0,
            "task": "Put one cube into the cup.",
            "first_success": "0",
            "success_rate": "0/10"
        }
    },
    {
        "difficulty": "medium",
        "record": {
            "index": "43",
            "is_train": 0,
            "task": "Put one cube into the cup.",
            "first_success": "0",
            "success_rate": "3/10"
        }
    },
    {
        "difficulty": "medium",
        "record": {
            "index": "20",
            "is_train": 0,
            "task": "Put one cube into the cup.",
            "first_success": "0",
            "success_rate": "0/10"
        }
    },
    {
        "difficulty": "hard",
        "record": {
            "index": "2",
            "is_train": 0,
            "task": "Put one cube into the cup.",
            "first_success": "0",
            "success_rate": "1/10"
        }
    },
    {
        "difficulty": "hard",
        "record": {
            "index": "26",
            "is_train": 0,
            "task": "Put one cube into the cup.",
            "first_success": "0",
            "success_rate": "5/10"
        }
    },
    {
        "difficulty": "hard",
        "record": {
            "index": "46",
            "is_train": 0,
            "task": "Put one cube into the cup.",
            "first_success": "1",
            "success_rate": "9/10"
        }
    },
    {
        "difficulty": "medium",
        "record": {
            "index": "13",
            "is_train": 0,
            "task": "Put one cube into the cup.",
            "first_success": "1",
            "success_rate": "6/10"
        }
    },
    {
        "difficulty": "hard",
        "record": {
            "index": "6",
            "is_train": 0,
            "task": "Put one cube into the cup.",
            "first_success": "0",
            "success_rate": "2/10"
        }
    },
    {
        "difficulty": "hard",
        "record": {
            "index": "37",
            "is_train": 0,
            "task": "Put two cubes into the cup.",
            "progress_1_rate": "0/10",
            "first_success": "0",
            "success_rate": "1/10"
        }
    },
    {
        "difficulty": "medium",
        "record": {
            "index": "8",
            "is_train": 0,
            "task": "Put one cube into the cup.",
            "first_success": "1",
            "success_rate": "3/10"
        }
    },
    {
        "difficulty": "hard",
        "record": {
            "index": "10",
            "is_train": 0,
            "task": "Put three cubes into the cup.",
            "progress_1_rate": "2/10",
            "progress_2_rate": "2/10",
            "first_success": "0",
            "success_rate": "3/10"
        }
    },
    {
        "difficulty": "medium",
        "record": {
            "index": "39",
            "is_train": 0,
            "task": "Put one cube into the cup.",
            "first_success": "0",
            "success_rate": "0/10"
        }
    },
    {
        "difficulty": "medium",
        "record": {
            "index": "44",
            "is_train": 0,
            "task": "Put one cube into the cup.",
            "first_success": "1",
            "success_rate": "4/10"
        }
    },
    {
        "difficulty": "hard",
        "record": {
            "index": "25",
            "is_train": 0,
            "task": "Put two cubes into the cup.",
            "progress_1_rate": "1/10",
            "first_success": "0",
            "success_rate": "0/10"
        }
    },
    {
        "difficulty": "hard",
        "record": {
            "index": "32",
            "is_train": 0,
            "task": "Put two cubes into the cup.",
            "progress_1_rate": "0/10",
            "first_success": "0",
            "success_rate": "0/10"
        }
    },
    {
        "difficulty": "hard",
        "record": {
            "index": "38",
            "is_train": 0,
            "task": "Put two cubes into the cup.",
            "progress_1_rate": "0/10",
            "first_success": "0",
            "success_rate": "0/10"
        }
    },
    {
        "difficulty": "hard",
        "record": {
            "index": "22",
            "is_train": 0,
            "task": "Put two cubes into the cup.",
            "progress_1_rate": "1/10",
            "first_success": "0",
            "success_rate": "0/10"
        }
    },
    {
        "difficulty": "hard",
        "record": {
            "index": "10",
            "is_train": 0,
            "task": "Put one cube into the cup.",
            "first_success": "1",
            "success_rate": "5/10"
        }
    },
    {
        "difficulty": "hard",
        "record": {
            "index": "27",
            "is_train": 0,
            "task": "Put two cubes into the cup.",
            "progress_1_rate": "0/10",
            "first_success": "0",
            "success_rate": "0/10"
        }
    }
]