[
    {
        "difficulty": "medium",
        "record": {
            "index": "9",
            "front_img": "./test/front_9.png",
            "side_img": "./test/side_9.png",
            "small_pos": [
                "28.68",
                "23.97"
            ],
            "big_pos": [
                "48.34",
                "25.82"
            ],
            "first_success": "0",
            "success_rate": "0/10",
            "l2_cm": "7.91",
            "l2_small_cm": "0.68",
            "l2_big_cm": "1.05"
        }
    },
    {
        "difficulty": "medium",
        "record": {
            "index": "68",
            "front_img": "./test/front_68.png",
            "side_img": "./test/side_68.png",
            "small_pos": [
                "26.78",
                "32.53"
            ],
            "big_pos": [
                "38.94",
                "31.23"
            ],
            "first_success": "1",
            "success_rate": "6/10",
            "l2_cm": "6.58",
            "l2_small_cm": "1.96",
            "l2_big_cm": "0.77"
        }
    },
    {
        "difficulty": "hard",
        "record": {
            "index": "37",
            "front_img": "./test/front_37.png",
            "side_img": "./test/side_37.png",
            "small_pos": [
                "39.13",
                "35.45"
            ],
            "big_pos": [
                "51.19",
                "32.75"
            ],
            "first_success": "0",
            "success_rate": "0/10",
            "l2_cm": "9.10",
            "l2_small_cm": "1.95",
            "l2_big_cm": "0.32"
        }
    },
    {
        "difficulty": "hard",
        "record": {
            "index": "12",
            "front_img": "./test/front_12.png",
            "side_img": "./test/side_12.png",
            "small_pos": [
                "40.65",
                "28.42"
            ],
            "big_pos": [
                "27.73",
                "28.42"
            ],
            "first_success": "0",
            "success_rate": "2/10",
            "l2_cm": "3.08",
            "l2_small_cm": "0.54",
            "l2_big_cm": "1.40"
        }
    },
    {
        "difficulty": "hard",
        "record": {
            "index": "30",
            "front_img": "./test/front_30.png",
            "side_img": "./test/side_30.png",
            "small_pos": [
                "51.00",
                "26.25"
            ],
            "big_pos": [
                "37.61",
                "28.96"
            ],
            "first_success": "0",
            "success_rate": "0/10",
            "l2_cm": "5.75",
            "l2_small_cm": "1.03",
            "l2_big_cm": "1.21"
        }
    },
    {
        "difficulty": "hard",
        "record": {
            "index": "26",
            "front_img": "./test/front_26.png",
            "side_img": "./test/side_26.png",
            "small_pos": [
                "27.92",
                "35.56"
            ],
            "big_pos": [
                "38.08",
                "25.82"
            ],
            "first_success": "0",
            "success_rate": "2/10",
            "l2_cm": "5.95",
            "l2_small_cm": "0.57",
            "l2_big_cm": "1.50"
        }
    },
    {
        "difficulty": "hard",
        "record": {
            "index": "73",
            "front_img": "./test/front_73.png",
            "side_img": "./test/side_73.png",
            "small_pos": [
                "25.16",
                "34.91"
            ],
            "big_pos": [
                "44.64",
                "26.57"
            ],
            "first_success": "0",
            "success_rate": "0/10",
            "l2_cm": "3.11",
            "l2_small_cm": "0.18",
            "l2_big_cm": "1.56"
        }
    },
    {
        "difficulty": "medium",
        "record": {
            "index": "77",
            "front_img": "./test/front_77.png",
            "side_img": "./test/side_77.png",
            "small_pos": [
                "28.77",
                "23.76"
            ],
            "big_pos": [
                "45.97",
                "26.25"
            ],
            "first_success": "0",
            "success_rate": "1/10",
            "l2_cm": "5.82",
            "l2_small_cm": "0.79",
            "l2_big_cm": "1.62"
        }
    },
    {
        "difficulty": "hard",
        "record": {
            "index": "61",
            "front_img": "./test/front_61.png",
            "side_img": "./test/side_61.png",
            "small_pos": [
                "46.25",
                "35.67"
            ],
            "big_pos": [
                "27.82",
                "25.06"
            ],
            "first_success": "0",
            "success_rate": "3/10",
            "l2_cm": "4.53",
            "l2_small_cm": "0.42",
            "l2_big_cm": "0.19"
        }
    },
    {
        "difficulty": "medium",
        "record": {
            "index": "76",
            "front_img": "./test/front_76.png",
            "side_img": "./test/side_76.png",
            "small_pos": [
                "43.02",
                "35.67"
            ],
            "big_pos": [
                "31.91",
                "31.99"
            ],
            "first_success": "0",
            "success_rate": "0/10",
            "l2_cm": "6.43",
            "l2_small_cm": "1.94",
            "l2_big_cm": "0.91"
        }
    },
    {
        "difficulty": "hard",
        "record": {
            "index": "97",
            "front_img": "./test/front_97.png",
            "side_img": "./test/side_97.png",
            "small_pos": [
                "41.12",
                "34.59"
            ],
            "big_pos": [
                "27.35",
                "27.12"
            ],
            "first_success": "0",
            "success_rate": "0/10",
            "l2_cm": "4.37",
            "l2_small_cm": "1.42",
            "l2_big_cm": "0.66"
        }
    },
    {
        "difficulty": "medium",
        "record": {
            "index": "94",
            "front_img": "./test/front_94.png",
            "side_img": "./test/side_94.png",
            "small_pos": [
                "26.78",
                "32.10"
            ],
            "big_pos": [
                "46.92",
                "28.09"
            ],
            "first_success": "0",
            "success_rate": "7/10",
            "l2_cm": "5.56",
            "l2_small_cm": "1.64",
            "l2_big_cm": "2.12"
        }
    },
    {
        "difficulty": "medium",
        "record": {
            "index": "10",
            "front_img": "./test/front_10.png",
            "side_img": "./test/side_10.png",
            "small_pos": [
                "36.47",
                "27.01"
            ],
            "big_pos": [
                "47.87",
                "27.33"
            ],
            "first_success": "1",
            "success_rate": "10/10",
            "l2_cm": "4.96",
            "l2_small_cm": "2.48",
            "l2_big_cm": "1.18"
        }
    },
    {
        "difficulty": "hard",
        "record": {
            "index": "27",
            "front_img": "./test/front_27.png",
            "side_img": "./test/side_27.png",
            "small_pos": [
                "30.48",
                "33.94"
            ],
            "big_pos": [
                "45.30",
                "26.03"
            ],
            "first_success": "1",
            "success_rate": "9/10",
            "l2_cm": "4.62",
            "l2_small_cm": "1.18",
            "l2_big_cm": "1.66"
        }
    },
    {
        "difficulty": "medium",
        "record": {
            "index": "55",
            "front_img": "./test/front_55.png",
            "side_img": "./test/side_55.png",
            "small_pos": [
                "39.51",
                "26.25"
            ],
            "big_pos": [
                "51.10",
                "28.31"
            ],
            "first_success": "0",
            "success_rate": "8/10",
            "l2_cm": "6.15",
            "l2_small_cm": "1.51",
            "l2_big_cm": "0.70"
        }
    },
    {
        "difficulty": "medium",
        "record": {
            "index": "11",
            "front_img": "./test/front_11.png",
            "side_img": "./test/side_11.png",
            "small_pos": [
                "46.44",
                "31.66"
            ],
            "big_pos": [
                "30.39",
                "32.10"
            ],
            "first_success": "0",
            "success_rate": "2/10",
            "l2_cm": "6.42",
            "l2_small_cm": "0.56",
            "l2_big_cm": "0.62"
        }
    },
    {
        "difficulty": "medium",
        "record": {
            "index": "58",
            "front_img": "./test/front_58.png",
            "side_img": "./test/side_58.png",
            "small_pos": [
                "41.88",
                "25.71"
            ],
            "big_pos": [
                "31.91",
                "30.15"
            ],
            "first_success": "0",
            "success_rate": "7/10",
            "l2_cm": "3.19",
            "l2_small_cm": "0.93",
            "l2_big_cm": "0.17"
        }
    },
    {
        "difficulty": "medium",
        "record": {
            "index": "50",
            "front_img": "./test/front_50.png",
            "side_img": "./test/side_50.png",
            "small_pos": [
                "29.06",
                "24.52"
            ],
            "big_pos": [
                "38.18",
                "30.04"
            ],
            "first_success": "1",
            "success_rate": "7/10",
            "l2_cm": "5.66",
            "l2_small_cm": "1.18",
            "l2_big_cm": "1.18"
        }
    },
    {
        "difficulty": "hard",
        "record": {
            "index": "32",
            "front_img": "./test/front_32.png",
            "side_img": "./test/side_32.png",
            "small_pos": [
                "50.15",
                "31.56"
            ],
            "big_pos": [
                "38.27",
                "28.52"
            ],
            "first_success": "0",
            "success_rate": "0/10",
            "l2_cm": "3.40",
            "l2_small_cm": "1.45",
            "l2_big_cm": "1.69"
        }
    },
    {
        "difficulty": "hard",
        "record": {
            "index": "79",
            "front_img": "./test/front_79.png",
            "side_img": "./test/side_79.png",
            "small_pos": [
                "28.49",
                "32.42"
            ],
            "big_pos": [
                "47.01",
                "26.68"
            ],
            "first_success": "0",
            "success_rate": "3/10",
            "l2_cm": "5.73",
            "l2_small_cm": "1.50",
            "l2_big_cm": "1.68"
        }
    }
]