[
    {
        "difficulty": "easy",
        "record": {
            "index": "53",
            "front_img": "./test/front_53.png",
            "side_img": "./test/side_53.png",
            "small_pos": [
                "35.80",
                "27.77"
            ],
            "big_pos": [
                "49.20",
                "33.18"
            ],
            "first_success": "1",
            "success_rate": "10/10",
            "l2_cm": "6.63",
            "l2_small_cm": "1.47",
            "l2_big_cm": "1.43"
        }
    },
    {
        "difficulty": "hard",
        "record": {
            "index": "74",
            "front_img": "./test/front_74.png",
            "side_img": "./test/side_74.png",
            "small_pos": [
                "48.15",
                "36.10"
            ],
            "big_pos": [
                "35.71",
                "32.75"
            ],
            "first_success": "0",
            "success_rate": "1/10",
            "l2_cm": "6.46",
            "l2_small_cm": "1.85",
            "l2_big_cm": "0.75"
        }
    },
    {
        "difficulty": "hard",
        "record": {
            "index": "93",
            "front_img": "./test/front_93.png",
            "side_img": "./test/side_93.png",
            "small_pos": [
                "48.53",
                "24.73"
            ],
            "big_pos": [
                "38.56",
                "27.98"
            ],
            "first_success": "0",
            "success_rate": "2/10",
            "l2_cm": "6.05",
            "l2_small_cm": "1.35",
            "l2_big_cm": "1.08"
        }
    },
    {
        "difficulty": "medium",
        "record": {
            "index": "94",
            "front_img": "./test/front_94.png",
            "side_img": "./test/side_94.png",
            "small_pos": [
                "26.78",
                "32.10"
            ],
            "big_pos": [
                "46.92",
                "28.09"
            ],
            "first_success": "1",
            "success_rate": "8/10",
            "l2_cm": "5.56",
            "l2_small_cm": "1.64",
            "l2_big_cm": "2.12"
        }
    },
    {
        "difficulty": "medium",
        "record": {
            "index": "38",
            "front_img": "./test/front_38.png",
            "side_img": "./test/side_38.png",
            "small_pos": [
                "34.95",
                "32.31"
            ],
            "big_pos": [
                "48.91",
                "31.12"
            ],
            "first_success": "1",
            "success_rate": "9/10",
            "l2_cm": "3.07",
            "l2_small_cm": "1.62",
            "l2_big_cm": "1.40"
        }
    },
    {
        "difficulty": "medium",
        "record": {
            "index": "79",
            "front_img": "./test/front_79.png",
            "side_img": "./test/side_79.png",
            "small_pos": [
                "28.49",
                "32.42"
            ],
            "big_pos": [
                "47.01",
                "26.68"
            ],
            "first_success": "0",
            "success_rate": "2/10",
            "l2_cm": "5.73",
            "l2_small_cm": "1.50",
            "l2_big_cm": "1.68"
        }
    },
    {
        "difficulty": "hard",
        "record": {
            "index": "36",
            "front_img": "./test/front_36.png",
            "side_img": "./test/side_36.png",
            "small_pos": [
                "39.22",
                "31.45"
            ],
            "big_pos": [
                "30.96",
                "29.06"
            ],
            "first_success": "0",
            "success_rate": "0/10",
            "l2_cm": "6.16",
            "l2_small_cm": "1.34",
            "l2_big_cm": "1.40"
        }
    },
    {
        "difficulty": "hard",
        "record": {
            "index": "87",
            "front_img": "./test/front_87.png",
            "side_img": "./test/side_87.png",
            "small_pos": [
                "48.72",
                "28.20"
            ],
            "big_pos": [
                "36.94",
                "29.28"
            ],
            "first_success": "0",
            "success_rate": "2/10",
            "l2_cm": "3.06",
            "l2_small_cm": "0.34",
            "l2_big_cm": "0.72"
        }
    },
    {
        "difficulty": "hard",
        "record": {
            "index": "20",
            "front_img": "./test/front_20.png",
            "side_img": "./test/side_20.png",
            "small_pos": [
                "44.83",
                "24.95"
            ],
            "big_pos": [
                "37.61",
                "28.31"
            ],
            "first_success": "0",
            "success_rate": "0/10",
            "l2_cm": "5.88",
            "l2_small_cm": "2.06",
            "l2_big_cm": "1.80"
        }
    },
    {
        "difficulty": "medium",
        "record": {
            "index": "96",
            "front_img": "./test/front_96.png",
            "side_img": "./test/side_96.png",
            "small_pos": [
                "32.19",
                "31.34"
            ],
            "big_pos": [
                "44.35",
                "28.63"
            ],
            "first_success": "0",
            "success_rate": "7/10",
            "l2_cm": "2.57",
            "l2_small_cm": "0.69",
            "l2_big_cm": "0.72"
        }
    },
    {
        "difficulty": "hard",
        "record": {
            "index": "49",
            "front_img": "./test/front_49.png",
            "side_img": "./test/side_49.png",
            "small_pos": [
                "50.34",
                "35.89"
            ],
            "big_pos": [
                "38.94",
                "30.15"
            ],
            "first_success": "0",
            "success_rate": "0/10",
            "l2_cm": "4.85",
            "l2_small_cm": "0.36",
            "l2_big_cm": "1.36"
        }
    },
    {
        "difficulty": "hard",
        "record": {
            "index": "34",
            "front_img": "./test/front_34.png",
            "side_img": "./test/side_34.png",
            "small_pos": [
                "51.10",
                "29.06"
            ],
            "big_pos": [
                "32.00",
                "25.49"
            ],
            "first_success": "0",
            "success_rate": "1/10",
            "l2_cm": "7.81",
            "l2_small_cm": "1.30",
            "l2_big_cm": "1.81"
        }
    },
    {
        "difficulty": "hard",
        "record": {
            "index": "30",
            "front_img": "./test/front_30.png",
            "side_img": "./test/side_30.png",
            "small_pos": [
                "51.00",
                "26.25"
            ],
            "big_pos": [
                "37.61",
                "28.96"
            ],
            "first_success": "0",
            "success_rate": "2/10",
            "l2_cm": "5.75",
            "l2_small_cm": "1.03",
            "l2_big_cm": "1.21"
        }
    },
    {
        "difficulty": "hard",
        "record": {
            "index": "2",
            "front_img": "./test/front_2.png",
            "side_img": "./test/side_2.png",
            "small_pos": [
                "42.74",
                "34.91"
            ],
            "big_pos": [
                "29.25",
                "27.77"
            ],
            "first_success": "0",
            "success_rate": "1/10",
            "l2_cm": "4.61",
            "l2_small_cm": "1.56",
            "l2_big_cm": "1.26"
        }
    },
    {
        "difficulty": "medium",
        "record": {
            "index": "4",
            "front_img": "./test/front_4.png",
            "side_img": "./test/side_4.png",
            "small_pos": [
                "29.06",
                "33.72"
            ],
            "big_pos": [
                "43.88",
                "26.36"
            ],
            "first_success": "0",
            "success_rate": "1/10",
            "l2_cm": "3.52",
            "l2_small_cm": "1.66",
            "l2_big_cm": "1.36"
        }
    },
    {
        "difficulty": "hard",
        "record": {
            "index": "37",
            "front_img": "./test/front_37.png",
            "side_img": "./test/side_37.png",
            "small_pos": [
                "39.13",
                "35.45"
            ],
            "big_pos": [
                "51.19",
                "32.75"
            ],
            "first_success": "0",
            "success_rate": "0/10",
            "l2_cm": "9.10",
            "l2_small_cm": "1.95",
            "l2_big_cm": "0.32"
        }
    },
    {
        "difficulty": "medium",
        "record": {
            "index": "80",
            "front_img": "./test/front_80.png",
            "side_img": "./test/side_80.png",
            "small_pos": [
                "39.41",
                "35.35"
            ],
            "big_pos": [
                "27.82",
                "25.92"
            ],
            "first_success": "1",
            "success_rate": "6/10",
            "l2_cm": "4.30",
            "l2_small_cm": "1.72",
            "l2_big_cm": "0.83"
        }
    },
    {
        "difficulty": "medium",
        "record": {
            "index": "75",
            "front_img": "./test/front_75.png",
            "side_img": "./test/side_75.png",
            "small_pos": [
                "47.96",
                "30.69"
            ],
            "big_pos": [
                "27.54",
                "29.82"
            ],
            "first_success": "0",
            "success_rate": "4/10",
            "l2_cm": "6.27",
            "l2_small_cm": "2.08",
            "l2_big_cm": "0.50"
        }
    },
    {
        "difficulty": "hard",
        "record": {
            "index": "77",
            "front_img": "./test/front_77.png",
            "side_img": "./test/side_77.png",
            "small_pos": [
                "28.77",
                "23.76"
            ],
            "big_pos": [
                "45.97",
                "26.25"
            ],
            "first_success": "0",
            "success_rate": "3/10",
            "l2_cm": "5.82",
            "l2_small_cm": "0.79",
            "l2_big_cm": "1.62"
        }
    },
    {
        "difficulty": "medium",
        "record": {
            "index": "50",
            "front_img": "./test/front_50.png",
            "side_img": "./test/side_50.png",
            "small_pos": [
                "29.06",
                "24.52"
            ],
            "big_pos": [
                "38.18",
                "30.04"
            ],
            "first_success": "1",
            "success_rate": "6/10",
            "l2_cm": "5.66",
            "l2_small_cm": "1.18",
            "l2_big_cm": "1.18"
        }
    }
]