[
    {
        "difficulty": "hard",
        "record": {
            "index": "33",
            "front_img": "./test/front_33.png",
            "side_img": "./test/side_33.png",
            "small_pos": [
                "27.63",
                "28.52"
            ],
            "big_pos": [
                "35.61",
                "27.22"
            ],
            "first_success": "0",
            "success_rate": "1/10",
            "l2_cm": "5.80",
            "l2_small_cm": "1.65",
            "l2_big_cm": "0.99"
        }
    },
    {
        "difficulty": "medium",
        "record": {
            "index": "54",
            "front_img": "./test/front_54.png",
            "side_img": "./test/side_54.png",
            "small_pos": [
                "29.15",
                "23.87"
            ],
            "big_pos": [
                "42.93",
                "28.74"
            ],
            "first_success": "1",
            "success_rate": "2/10",
            "l2_cm": "3.14",
            "l2_small_cm": "0.88",
            "l2_big_cm": "0.27"
        }
    },
    {
        "difficulty": "medium",
        "record": {
            "index": "75",
            "front_img": "./test/front_75.png",
            "side_img": "./test/side_75.png",
            "small_pos": [
                "47.96",
                "30.69"
            ],
            "big_pos": [
                "27.54",
                "29.82"
            ],
            "first_success": "0",
            "success_rate": "3/10",
            "l2_cm": "6.27",
            "l2_small_cm": "2.08",
            "l2_big_cm": "0.50"
        }
    },
    {
        "difficulty": "medium",
        "record": {
            "index": "50",
            "front_img": "./test/front_50.png",
            "side_img": "./test/side_50.png",
            "small_pos": [
                "29.06",
                "24.52"
            ],
            "big_pos": [
                "38.18",
                "30.04"
            ],
            "first_success": "1",
            "success_rate": "7/10",
            "l2_cm": "5.66",
            "l2_small_cm": "1.18",
            "l2_big_cm": "1.18"
        }
    },
    {
        "difficulty": "easy",
        "record": {
            "index": "29",
            "front_img": "./test/front_29.png",
            "side_img": "./test/side_29.png",
            "small_pos": [
                "26.21",
                "24.95"
            ],
            "big_pos": [
                "41.60",
                "29.50"
            ],
            "first_success": "1",
            "success_rate": "7/10",
            "l2_cm": "4.13",
            "l2_small_cm": "0.79",
            "l2_big_cm": "1.49"
        }
    },
    {
        "difficulty": "medium",
        "record": {
            "index": "13",
            "front_img": "./test/front_13.png",
            "side_img": "./test/side_13.png",
            "small_pos": [
                "33.14",
                "31.34"
            ],
            "big_pos": [
                "49.20",
                "27.66"
            ],
            "first_success": "0",
            "success_rate": "2/10",
            "l2_cm": "3.55",
            "l2_small_cm": "0.92",
            "l2_big_cm": "0.69"
        }
    },
    {
        "difficulty": "medium",
        "record": {
            "index": "15",
            "front_img": "./test/front_15.png",
            "side_img": "./test/side_15.png",
            "small_pos": [
                "48.15",
                "30.04"
            ],
            "big_pos": [
                "38.94",
                "33.07"
            ],
            "first_success": "0",
            "success_rate": "1/10",
            "l2_cm": "4.42",
            "l2_small_cm": "2.15",
            "l2_big_cm": "1.07"
        }
    },
    {
        "difficulty": "easy",
        "record": {
            "index": "7",
            "front_img": "./test/front_7.png",
            "side_img": "./test/side_7.png",
            "small_pos": [
                "27.06",
                "23.97"
            ],
            "big_pos": [
                "43.50",
                "30.04"
            ],
            "first_success": "0",
            "success_rate": "7/10",
            "l2_cm": "1.94",
            "l2_small_cm": "0.94",
            "l2_big_cm": "0.50"
        }
    },
    {
        "difficulty": "medium",
        "record": {
            "index": "64",
            "front_img": "./test/front_64.png",
            "side_img": "./test/side_64.png",
            "small_pos": [
                "47.77",
                "35.89"
            ],
            "big_pos": [
                "28.20",
                "29.71"
            ],
            "first_success": "0",
            "success_rate": "0/10",
            "l2_cm": "2.85",
            "l2_small_cm": "1.78",
            "l2_big_cm": "0.35"
        }
    },
    {
        "difficulty": "medium",
        "record": {
            "index": "89",
            "front_img": "./test/front_89.png",
            "side_img": "./test/side_89.png",
            "small_pos": [
                "49.48",
                "25.06"
            ],
            "big_pos": [
                "33.81",
                "32.10"
            ],
            "first_success": "1",
            "success_rate": "3/10",
            "l2_cm": "4.93",
            "l2_small_cm": "1.06",
            "l2_big_cm": "0.22"
        }
    },
    {
        "difficulty": "hard",
        "record": {
            "index": "93",
            "front_img": "./test/front_93.png",
            "side_img": "./test/side_93.png",
            "small_pos": [
                "48.53",
                "24.73"
            ],
            "big_pos": [
                "38.56",
                "27.98"
            ],
            "first_success": "0",
            "success_rate": "0/10",
            "l2_cm": "6.05",
            "l2_small_cm": "1.35",
            "l2_big_cm": "1.08"
        }
    },
    {
        "difficulty": "hard",
        "record": {
            "index": "58",
            "front_img": "./test/front_58.png",
            "side_img": "./test/side_58.png",
            "small_pos": [
                "41.88",
                "25.71"
            ],
            "big_pos": [
                "31.91",
                "30.15"
            ],
            "first_success": "0",
            "success_rate": "7/10",
            "l2_cm": "3.19",
            "l2_small_cm": "0.93",
            "l2_big_cm": "0.17"
        }
    },
    {
        "difficulty": "hard",
        "record": {
            "index": "51",
            "front_img": "./test/front_51.png",
            "side_img": "./test/side_51.png",
            "small_pos": [
                "51.86",
                "24.62"
            ],
            "big_pos": [
                "27.44",
                "27.01"
            ],
            "first_success": "0",
            "success_rate": "0/10",
            "l2_cm": "7.70",
            "l2_small_cm": "1.38",
            "l2_big_cm": "0.56"
        }
    },
    {
        "difficulty": "hard",
        "record": {
            "index": "25",
            "front_img": "./test/front_25.png",
            "side_img": "./test/side_25.png",
            "small_pos": [
                "42.74",
                "27.66"
            ],
            "big_pos": [
                "29.82",
                "26.03"
            ],
            "first_success": "0",
            "success_rate": "0/10",
            "l2_cm": "5.90",
            "l2_small_cm": "0.71",
            "l2_big_cm": "1.53"
        }
    },
    {
        "difficulty": "medium",
        "record": {
            "index": "71",
            "front_img": "./test/front_71.png",
            "side_img": "./test/side_71.png",
            "small_pos": [
                "27.73",
                "28.96"
            ],
            "big_pos": [
                "38.46",
                "30.36"
            ],
            "first_success": "0",
            "success_rate": "8/10",
            "l2_cm": "6.30",
            "l2_small_cm": "2.06",
            "l2_big_cm": "1.51"
        }
    },
    {
        "difficulty": "medium",
        "record": {
            "index": "84",
            "front_img": "./test/front_84.png",
            "side_img": "./test/side_84.png",
            "small_pos": [
                "27.54",
                "34.05"
            ],
            "big_pos": [
                "44.26",
                "26.90"
            ],
            "first_success": "1",
            "success_rate": "5/10",
            "l2_cm": "2.73",
            "l2_small_cm": "1.06",
            "l2_big_cm": "1.13"
        }
    },
    {
        "difficulty": "hard",
        "record": {
            "index": "59",
            "front_img": "./test/front_59.png",
            "side_img": "./test/side_59.png",
            "small_pos": [
                "51.67",
                "32.21"
            ],
            "big_pos": [
                "37.23",
                "29.61"
            ],
            "first_success": "0",
            "success_rate": "0/10",
            "l2_cm": "2.30",
            "l2_small_cm": "1.85",
            "l2_big_cm": "0.45"
        }
    },
    {
        "difficulty": "hard",
        "record": {
            "index": "26",
            "front_img": "./test/front_26.png",
            "side_img": "./test/side_26.png",
            "small_pos": [
                "27.92",
                "35.56"
            ],
            "big_pos": [
                "38.08",
                "25.82"
            ],
            "first_success": "0",
            "success_rate": "2/10",
            "l2_cm": "5.95",
            "l2_small_cm": "0.57",
            "l2_big_cm": "1.50"
        }
    },
    {
        "difficulty": "medium",
        "record": {
            "index": "19",
            "front_img": "./test/front_19.png",
            "side_img": "./test/side_19.png",
            "small_pos": [
                "32.38",
                "31.66"
            ],
            "big_pos": [
                "45.78",
                "28.09"
            ],
            "first_success": "0",
            "success_rate": "1/10",
            "l2_cm": "3.25",
            "l2_small_cm": "0.51",
            "l2_big_cm": "1.20"
        }
    },
    {
        "difficulty": "medium",
        "record": {
            "index": "72",
            "front_img": "./test/front_72.png",
            "side_img": "./test/side_72.png",
            "small_pos": [
                "27.54",
                "29.82"
            ],
            "big_pos": [
                "49.77",
                "30.91"
            ],
            "first_success": "1",
            "success_rate": "5/10",
            "l2_cm": "7.16",
            "l2_small_cm": "1.26",
            "l2_big_cm": "1.12"
        }
    }
]