[
    {
        "difficulty": "easy",
        "record": {
            "index": "0",
            "first_success": "1",
            "success_rate": "10/10"
        }
    },
    {
        "difficulty": "easy",
        "record": {
            "index": "1",
            "first_success": "1",
            "success_rate": "10/10"
        }
    },
    {
        "difficulty": "easy",
        "record": {
            "index": "2",
            "first_success": "1",
            "success_rate": "10/10"
        }
    },
    {
        "difficulty": "easy",
        "record": {
            "index": "3",
            "first_success": "1",
            "success_rate": "7/10"
        }
    },
    {
        "difficulty": "easy",
        "record": {
            "index": "4",
            "first_success": "1",
            "success_rate": "7/10"
        }
    },
    {
        "difficulty": "medium",
        "record": {
            "index": "5",
            "first_success": "1",
            "success_rate": "10/11"
        }
    },
    {
        "difficulty": "easy",
        "record": {
            "index": "6",
            "first_success": "1",
            "success_rate": "6/10"
        }
    },
    {
        "difficulty": "easy",
        "record": {
            "index": "7",
            "first_success": "1",
            "success_rate": "10/10"
        }
    },
    {
        "difficulty": "medium",
        "record": {
            "index": "8",
            "first_success": "1",
            "success_rate": "8/10"
        }
    },
    {
        "difficulty": "easy",
        "record": {
            "index": "9",
            "first_success": "1",
            "success_rate": "10/10"
        }
    },
    {
        "difficulty": "NA",
        "record": {
            "index": "10",
            "first_success": "1",
            "success_rate": "8/10"
        }
    },
    {
        "difficulty": "easy",
        "record": {
            "index": "11",
            "first_success": "1",
            "success_rate": "9/10"
        }
    },
    {
        "difficulty": "easy",
        "record": {
            "index": "12",
            "first_success": "1",
            "success_rate": "8/10"
        }
    },
    {
        "difficulty": "easy",
        "record": {
            "index": "13",
            "first_success": "1",
            "success_rate": "7/10"
        }
    },
    {
        "difficulty": "medium",
        "record": {
            "index": "14",
            "first_success": "1",
            "success_rate": "7/10"
        }
    },
    {
        "difficulty": "easy",
        "record": {
            "index": "15",
            "first_success": "1",
            "success_rate": "10/10"
        }
    },
    {
        "difficulty": "easy",
        "record": {
            "index": "16",
            "first_success": "1",
            "success_rate": "8/10"
        }
    },
    {
        "difficulty": "easy",
        "record": {
            "index": "17",
            "first_success": "1",
            "success_rate": "7/10"
        }
    },
    {
        "difficulty": "medium",
        "record": {
            "index": "18",
            "first_success": "1",
            "success_rate": "9/10"
        }
    },
    {
        "difficulty": "medium",
        "record": {
            "index": "19",
            "first_success": "1",
            "success_rate": "10/10"
        }
    }
]