[
    {
        "difficulty": "medium",
        "record": {
            "index": "80",
            "is_train": 0,
            "small_pos": [
                "39.41",
                "35.35"
            ],
            "big_pos": [
                "27.82",
                "25.92"
            ],
            "first_success": "0",
            "success_rate": "7/10",
            "l2_cm": "4.30",
            "l2_small_cm": "1.72",
            "l2_big_cm": "0.83"
        }
    },
    {
        "difficulty": "hard",
        "record": {
            "index": "99",
            "is_train": 0,
            "small_pos": [
                "30.96",
                "24.84"
            ],
            "big_pos": [
                "29.25",
                "31.66"
            ],
            "first_success": "0",
            "success_rate": "0/10",
            "l2_cm": "6.32",
            "l2_small_cm": "1.56",
            "l2_big_cm": "1.41"
        }
    },
    {
        "difficulty": "medium",
        "record": {
            "index": "33",
            "is_train": 0,
            "small_pos": [
                "27.63",
                "28.52"
            ],
            "big_pos": [
                "35.61",
                "27.22"
            ],
            "first_success": "1",
            "success_rate": "5/10",
            "l2_cm": "5.80",
            "l2_small_cm": "1.65",
            "l2_big_cm": "0.99"
        }
    },
    {
        "difficulty": "easy",
        "record": {
            "index": "15",
            "is_train": 0,
            "small_pos": [
                "48.15",
                "30.04"
            ],
            "big_pos": [
                "38.94",
                "33.07"
            ],
            "first_success": "1",
            "success_rate": "9/10",
            "l2_cm": "4.42",
            "l2_small_cm": "2.15",
            "l2_big_cm": "1.07"
        }
    },
    {
        "difficulty": "medium",
        "record": {
            "index": "54",
            "is_train": 0,
            "small_pos": [
                "29.15",
                "23.87"
            ],
            "big_pos": [
                "42.93",
                "28.74"
            ],
            "first_success": "1",
            "success_rate": "10/10",
            "l2_cm": "3.14",
            "l2_small_cm": "0.88",
            "l2_big_cm": "0.27"
        }
    },
    {
        "difficulty": "easy",
        "record": {
            "index": "66",
            "is_train": 0,
            "small_pos": [
                "27.92",
                "24.52"
            ],
            "big_pos": [
                "40.74",
                "29.06"
            ],
            "first_success": "1",
            "success_rate": "10/10",
            "l2_cm": "3.98",
            "l2_small_cm": "0.52",
            "l2_big_cm": "1.95"
        }
    },
    {
        "difficulty": "easy",
        "record": {
            "index": "6",
            "is_train": 0,
            "small_pos": [
                "36.28",
                "35.35"
            ],
            "big_pos": [
                "27.82",
                "25.71"
            ],
            "first_success": "0",
            "success_rate": "2/10",
            "l2_cm": "1.58",
            "l2_small_cm": "0.71",
            "l2_big_cm": "0.73"
        }
    },
    {
        "difficulty": "medium",
        "record": {
            "index": "18",
            "is_train": 0,
            "small_pos": [
                "29.06",
                "32.64"
            ],
            "big_pos": [
                "40.93",
                "28.31"
            ],
            "first_success": "1",
            "success_rate": "9/10",
            "l2_cm": "4.04",
            "l2_small_cm": "1.95",
            "l2_big_cm": "1.69"
        }
    },
    {
        "difficulty": "easy",
        "record": {
            "index": "40",
            "is_train": 0,
            "small_pos": [
                "30.58",
                "35.78"
            ],
            "big_pos": [
                "41.88",
                "26.14"
            ],
            "first_success": "0",
            "success_rate": "2/10",
            "l2_cm": "1.75",
            "l2_small_cm": "0.89",
            "l2_big_cm": "0.87"
        }
    },
    {
        "difficulty": "medium",
        "record": {
            "index": "3",
            "is_train": 0,
            "small_pos": [
                "47.68",
                "26.57"
            ],
            "big_pos": [
                "30.48",
                "32.21"
            ],
            "first_success": "1",
            "success_rate": "9/10",
            "l2_cm": "5.26",
            "l2_small_cm": "1.44",
            "l2_big_cm": "0.56"
        }
    },
    {
        "difficulty": "easy",
        "record": {
            "index": "23",
            "is_train": 0,
            "small_pos": [
                "26.21",
                "27.98"
            ],
            "big_pos": [
                "45.30",
                "30.04"
            ],
            "first_success": "1",
            "success_rate": "9/10",
            "l2_cm": "3.76",
            "l2_small_cm": "1.21",
            "l2_big_cm": "1.01"
        }
    },
    {
        "difficulty": "easy",
        "record": {
            "index": "39",
            "is_train": 0,
            "small_pos": [
                "27.06",
                "23.54"
            ],
            "big_pos": [
                "41.22",
                "28.09"
            ],
            "first_success": "1",
            "success_rate": "9/10",
            "l2_cm": "4.42",
            "l2_small_cm": "1.04",
            "l2_big_cm": "1.34"
        }
    },
    {
        "difficulty": "easy",
        "record": {
            "index": "30",
            "is_train": 0,
            "small_pos": [
                "51.00",
                "26.25"
            ],
            "big_pos": [
                "37.61",
                "28.96"
            ],
            "first_success": "0",
            "success_rate": "3/10",
            "l2_cm": "5.75",
            "l2_small_cm": "1.03",
            "l2_big_cm": "1.21"
        }
    },
    {
        "difficulty": "easy",
        "record": {
            "index": "81",
            "is_train": 0,
            "small_pos": [
                "26.30",
                "24.73"
            ],
            "big_pos": [
                "38.27",
                "27.77"
            ],
            "first_success": "1",
            "success_rate": "10/10",
            "l2_cm": "2.38",
            "l2_small_cm": "0.75",
            "l2_big_cm": "1.06"
        }
    },
    {
        "difficulty": "hard",
        "record": {
            "index": "27",
            "is_train": 0,
            "small_pos": [
                "30.48",
                "33.94"
            ],
            "big_pos": [
                "45.30",
                "26.03"
            ],
            "first_success": "0",
            "success_rate": "3/10",
            "l2_cm": "4.62",
            "l2_small_cm": "1.18",
            "l2_big_cm": "1.66"
        }
    },
    {
        "difficulty": "medium",
        "record": {
            "index": "86",
            "is_train": 0,
            "small_pos": [
                "28.68",
                "29.06"
            ],
            "big_pos": [
                "43.50",
                "26.90"
            ],
            "first_success": "1",
            "success_rate": "10/10",
            "l2_cm": "3.26",
            "l2_small_cm": "2.05",
            "l2_big_cm": "1.21"
        }
    },
    {
        "difficulty": "easy",
        "record": {
            "index": "95",
            "is_train": 0,
            "small_pos": [
                "50.91",
                "32.75"
            ],
            "big_pos": [
                "36.75",
                "32.64"
            ],
            "first_success": "0",
            "success_rate": "2/10",
            "l2_cm": "3.59",
            "l2_small_cm": "0.94",
            "l2_big_cm": "0.69"
        }
    },
    {
        "difficulty": "hard",
        "record": {
            "index": "20",
            "is_train": 0,
            "small_pos": [
                "44.83",
                "24.95"
            ],
            "big_pos": [
                "37.61",
                "28.31"
            ],
            "first_success": "1",
            "success_rate": "7/10",
            "l2_cm": "5.88",
            "l2_small_cm": "2.06",
            "l2_big_cm": "1.80"
        }
    },
    {
        "difficulty": "hard",
        "record": {
            "index": "77",
            "is_train": 0,
            "small_pos": [
                "28.77",
                "23.76"
            ],
            "big_pos": [
                "45.97",
                "26.25"
            ],
            "first_success": "1",
            "success_rate": "10/10",
            "l2_cm": "5.82",
            "l2_small_cm": "0.79",
            "l2_big_cm": "1.62"
        }
    },
    {
        "difficulty": "hard",
        "record": {
            "index": "14",
            "is_train": 0,
            "small_pos": [
                "35.71",
                "33.83"
            ],
            "big_pos": [
                "46.92",
                "33.61"
            ],
            "first_success": "1",
            "success_rate": "8/10",
            "l2_cm": "5.84",
            "l2_small_cm": "1.37",
            "l2_big_cm": "1.62"
        }
    }
]