[
    {
        "difficulty": "easy",
        "record": {
            "index": "4",
            "front_img": "./test/front_4.png",
            "side_img": "./test/side_4.png",
            "small_pos": [
                "29.06",
                "33.72"
            ],
            "big_pos": [
                "43.88",
                "26.36"
            ],
            "first_success": "0",
            "success_rate": "1/10",
            "l2_cm": "3.52",
            "l2_small_cm": "1.66",
            "l2_big_cm": "1.36"
        }
    },
    {
        "difficulty": "hard",
        "record": {
            "index": "37",
            "front_img": "./test/front_37.png",
            "side_img": "./test/side_37.png",
            "small_pos": [
                "39.13",
                "35.45"
            ],
            "big_pos": [
                "51.19",
                "32.75"
            ],
            "first_success": "0",
            "success_rate": "0/10",
            "l2_cm": "9.10",
            "l2_small_cm": "1.95",
            "l2_big_cm": "0.32"
        }
    },
    {
        "difficulty": "easy",
        "record": {
            "index": "0",
            "front_img": "./test/front_0.png",
            "side_img": "./test/side_0.png",
            "small_pos": [
                "30.10",
                "24.84"
            ],
            "big_pos": [
                "35.04",
                "30.69"
            ],
            "first_success": "0",
            "success_rate": "5/10",
            "l2_cm": "2.85",
            "l2_small_cm": "1.60",
            "l2_big_cm": "0.31"
        }
    },
    {
        "difficulty": "easy",
        "record": {
            "index": "10",
            "front_img": "./test/front_10.png",
            "side_img": "./test/side_10.png",
            "small_pos": [
                "36.47",
                "27.01"
            ],
            "big_pos": [
                "47.87",
                "27.33"
            ],
            "first_success": "1",
            "success_rate": "10/10",
            "l2_cm": "4.96",
            "l2_small_cm": "2.48",
            "l2_big_cm": "1.18"
        }
    },
    {
        "difficulty": "hard",
        "record": {
            "index": "9",
            "front_img": "./test/front_9.png",
            "side_img": "./test/side_9.png",
            "small_pos": [
                "28.68",
                "23.97"
            ],
            "big_pos": [
                "48.34",
                "25.82"
            ],
            "first_success": "0",
            "success_rate": "5/10",
            "l2_cm": "7.91",
            "l2_small_cm": "0.68",
            "l2_big_cm": "1.05"
        }
    },
    {
        "difficulty": "hard",
        "record": {
            "index": "76",
            "front_img": "./test/front_76.png",
            "side_img": "./test/side_76.png",
            "small_pos": [
                "43.02",
                "35.67"
            ],
            "big_pos": [
                "31.91",
                "31.99"
            ],
            "first_success": "1",
            "success_rate": "4/10",
            "l2_cm": "6.43",
            "l2_small_cm": "1.94",
            "l2_big_cm": "0.91"
        }
    },
    {
        "difficulty": "medium",
        "record": {
            "index": "75",
            "front_img": "./test/front_75.png",
            "side_img": "./test/side_75.png",
            "small_pos": [
                "47.96",
                "30.69"
            ],
            "big_pos": [
                "27.54",
                "29.82"
            ],
            "first_success": "0",
            "success_rate": "4/10",
            "l2_cm": "6.27",
            "l2_small_cm": "2.08",
            "l2_big_cm": "0.50"
        }
    },
    {
        "difficulty": "hard",
        "record": {
            "index": "34",
            "front_img": "./test/front_34.png",
            "side_img": "./test/side_34.png",
            "small_pos": [
                "51.10",
                "29.06"
            ],
            "big_pos": [
                "32.00",
                "25.49"
            ],
            "first_success": "0",
            "success_rate": "1/10",
            "l2_cm": "7.81",
            "l2_small_cm": "1.30",
            "l2_big_cm": "1.81"
        }
    },
    {
        "difficulty": "hard",
        "record": {
            "index": "70",
            "front_img": "./test/front_70.png",
            "side_img": "./test/side_70.png",
            "small_pos": [
                "32.29",
                "27.66"
            ],
            "big_pos": [
                "47.30",
                "26.03"
            ],
            "first_success": "1",
            "success_rate": "10/10",
            "l2_cm": "4.10",
            "l2_small_cm": "1.37",
            "l2_big_cm": "1.07"
        }
    },
    {
        "difficulty": "NA",
        "record": {
            "index": "99",
            "front_img": "./test/front_99.png",
            "side_img": "./test/side_99.png",
            "small_pos": [
                "30.96",
                "24.84"
            ],
            "big_pos": [
                "29.25",
                "31.66"
            ],
            "first_success": "0",
            "success_rate": "0/10",
            "l2_cm": "6.32",
            "l2_small_cm": "1.56",
            "l2_big_cm": "1.41"
        }
    },
    {
        "difficulty": "medium",
        "record": {
            "index": "49",
            "front_img": "./test/front_49.png",
            "side_img": "./test/side_49.png",
            "small_pos": [
                "50.34",
                "35.89"
            ],
            "big_pos": [
                "38.94",
                "30.15"
            ],
            "first_success": "0",
            "success_rate": "0/10",
            "l2_cm": "4.85",
            "l2_small_cm": "0.36",
            "l2_big_cm": "1.36"
        }
    },
    {
        "difficulty": "medium",
        "record": {
            "index": "7",
            "front_img": "./test/front_7.png",
            "side_img": "./test/side_7.png",
            "small_pos": [
                "27.06",
                "23.97"
            ],
            "big_pos": [
                "43.50",
                "30.04"
            ],
            "first_success": "1",
            "success_rate": "9/10",
            "l2_cm": "1.94",
            "l2_small_cm": "0.94",
            "l2_big_cm": "0.50"
        }
    },
    {
        "difficulty": "hard",
        "record": {
            "index": "11",
            "front_img": "./test/front_11.png",
            "side_img": "./test/side_11.png",
            "small_pos": [
                "46.44",
                "31.66"
            ],
            "big_pos": [
                "30.39",
                "32.10"
            ],
            "first_success": "0",
            "success_rate": "3/10",
            "l2_cm": "6.42",
            "l2_small_cm": "0.56",
            "l2_big_cm": "0.62"
        }
    },
    {
        "difficulty": "easy",
        "record": {
            "index": "27",
            "front_img": "./test/front_27.png",
            "side_img": "./test/side_27.png",
            "small_pos": [
                "30.48",
                "33.94"
            ],
            "big_pos": [
                "45.30",
                "26.03"
            ],
            "first_success": "0",
            "success_rate": "1/10",
            "l2_cm": "4.62",
            "l2_small_cm": "1.18",
            "l2_big_cm": "1.66"
        }
    },
    {
        "difficulty": "hard",
        "record": {
            "index": "44",
            "front_img": "./test/front_44.png",
            "side_img": "./test/side_44.png",
            "small_pos": [
                "43.88",
                "28.63"
            ],
            "big_pos": [
                "35.23",
                "29.28"
            ],
            "first_success": "0",
            "success_rate": "0/10",
            "l2_cm": "3.95",
            "l2_small_cm": "1.85",
            "l2_big_cm": "1.30"
        }
    },
    {
        "difficulty": "hard",
        "record": {
            "index": "83",
            "front_img": "./test/front_83.png",
            "side_img": "./test/side_83.png",
            "small_pos": [
                "30.77",
                "27.66"
            ],
            "big_pos": [
                "42.74",
                "25.82"
            ],
            "first_success": "0",
            "success_rate": "0/10",
            "l2_cm": "5.43",
            "l2_small_cm": "1.82",
            "l2_big_cm": "1.40"
        }
    },
    {
        "difficulty": "medium",
        "record": {
            "index": "3",
            "front_img": "./test/front_3.png",
            "side_img": "./test/side_3.png",
            "small_pos": [
                "47.68",
                "26.57"
            ],
            "big_pos": [
                "30.48",
                "32.21"
            ],
            "first_success": "0",
            "success_rate": "0/10",
            "l2_cm": "5.26",
            "l2_small_cm": "1.44",
            "l2_big_cm": "0.56"
        }
    },
    {
        "difficulty": "hard",
        "record": {
            "index": "69",
            "front_img": "./test/front_69.png",
            "side_img": "./test/side_69.png",
            "small_pos": [
                "48.91",
                "24.30"
            ],
            "big_pos": [
                "31.72",
                "28.42"
            ],
            "first_success": "0",
            "success_rate": "0/10",
            "l2_cm": "5.56",
            "l2_small_cm": "1.30",
            "l2_big_cm": "1.59"
        }
    },
    {
        "difficulty": "hard",
        "record": {
            "index": "42",
            "front_img": "./test/front_42.png",
            "side_img": "./test/side_42.png",
            "small_pos": [
                "43.40",
                "30.47"
            ],
            "big_pos": [
                "32.48",
                "31.99"
            ],
            "first_success": "1",
            "success_rate": "2/11",
            "l2_cm": "4.97",
            "l2_small_cm": "2.03",
            "l2_big_cm": "1.48"
        }
    },
    {
        "difficulty": "medium",
        "record": {
            "index": "86",
            "front_img": "./test/front_86.png",
            "side_img": "./test/side_86.png",
            "small_pos": [
                "28.68",
                "29.06"
            ],
            "big_pos": [
                "43.50",
                "26.90"
            ],
            "first_success": "0",
            "success_rate": "0/10",
            "l2_cm": "3.26",
            "l2_small_cm": "2.05",
            "l2_big_cm": "1.21"
        }
    }
]