[
    {
        "difficulty": "easy",
        "record": {
            "index": "60",
            "is_train": 0,
            "small_pos": [
                "30.20",
                "32.42"
            ],
            "big_pos": [
                "43.69",
                "30.26"
            ],
            "first_success": "0",
            "success_rate": "2/10",
            "l2_cm": "3.36",
            "l2_small_cm": "1.85",
            "l2_big_cm": "0.40"
        }
    },
    {
        "difficulty": "hard",
        "record": {
            "index": "51",
            "is_train": 0,
            "small_pos": [
                "51.86",
                "24.62"
            ],
            "big_pos": [
                "27.44",
                "27.01"
            ],
            "first_success": "0",
            "success_rate": "0/10",
            "l2_cm": "7.70",
            "l2_small_cm": "1.38",
            "l2_big_cm": "0.56"
        }
    },
    {
        "difficulty": "hard",
        "record": {
            "index": "73",
            "is_train": 0,
            "small_pos": [
                "25.16",
                "34.91"
            ],
            "big_pos": [
                "44.64",
                "26.57"
            ],
            "first_success": "0",
            "success_rate": "0/10",
            "l2_cm": "3.11",
            "l2_small_cm": "0.18",
            "l2_big_cm": "1.56"
        }
    },
    {
        "difficulty": "NA",
        "record": {
            "index": "56",
            "is_train": 0,
            "small_pos": [
                "29.91",
                "26.03"
            ],
            "big_pos": [
                "47.49",
                "30.47"
            ],
            "first_success": "1",
            "success_rate": "10/10",
            "l2_cm": "5.62",
            "l2_small_cm": "0.91",
            "l2_big_cm": "0.70"
        }
    },
    {
        "difficulty": "NA",
        "record": {
            "index": "78",
            "is_train": 0,
            "small_pos": [
                "47.87",
                "25.49"
            ],
            "big_pos": [
                "34.28",
                "27.33"
            ],
            "first_success": "1",
            "success_rate": "1/10",
            "l2_cm": "6.87",
            "l2_small_cm": "1.24",
            "l2_big_cm": "0.44"
        }
    },
    {
        "difficulty": "hard",
        "record": {
            "index": "67",
            "is_train": 0,
            "small_pos": [
                "28.39",
                "30.26"
            ],
            "big_pos": [
                "45.11",
                "32.53"
            ],
            "first_success": "0",
            "success_rate": "7/10",
            "l2_cm": "5.54",
            "l2_small_cm": "0.84",
            "l2_big_cm": "1.47"
        }
    },
    {
        "difficulty": "hard",
        "record": {
            "index": "38",
            "is_train": 0,
            "small_pos": [
                "34.95",
                "32.31"
            ],
            "big_pos": [
                "48.91",
                "31.12"
            ],
            "first_success": "0",
            "success_rate": "2/10",
            "l2_cm": "3.07",
            "l2_small_cm": "1.62",
            "l2_big_cm": "1.40"
        }
    },
    {
        "difficulty": "hard",
        "record": {
            "index": "88",
            "is_train": 0,
            "small_pos": [
                "29.34",
                "25.49"
            ],
            "big_pos": [
                "37.13",
                "26.68"
            ],
            "first_success": "0",
            "success_rate": "0/10",
            "l2_cm": "5.18",
            "l2_small_cm": "0.61",
            "l2_big_cm": "1.89"
        }
    },
    {
        "difficulty": "hard",
        "record": {
            "index": "14",
            "is_train": 0,
            "small_pos": [
                "35.71",
                "33.83"
            ],
            "big_pos": [
                "46.92",
                "33.61"
            ],
            "first_success": "1",
            "success_rate": "8/10",
            "l2_cm": "5.84",
            "l2_small_cm": "1.37",
            "l2_big_cm": "1.62"
        }
    },
    {
        "difficulty": "medium",
        "record": {
            "index": "45",
            "is_train": 0,
            "small_pos": [
                "30.86",
                "24.19"
            ],
            "big_pos": [
                "43.50",
                "26.68"
            ],
            "first_success": "0",
            "success_rate": "1/10",
            "l2_cm": "4.79",
            "l2_small_cm": "1.65",
            "l2_big_cm": "1.41"
        }
    },
    {
        "difficulty": "hard",
        "record": {
            "index": "70",
            "is_train": 0,
            "small_pos": [
                "32.29",
                "27.66"
            ],
            "big_pos": [
                "47.30",
                "26.03"
            ],
            "first_success": "1",
            "success_rate": "6/10",
            "l2_cm": "4.10",
            "l2_small_cm": "1.37",
            "l2_big_cm": "1.07"
        }
    },
    {
        "difficulty": "easy",
        "record": {
            "index": "84",
            "is_train": 0,
            "small_pos": [
                "27.54",
                "34.05"
            ],
            "big_pos": [
                "44.26",
                "26.90"
            ],
            "first_success": "1",
            "success_rate": "10/10",
            "l2_cm": "2.73",
            "l2_small_cm": "1.06",
            "l2_big_cm": "1.13"
        }
    },
    {
        "difficulty": "easy",
        "record": {
            "index": "54",
            "is_train": 0,
            "small_pos": [
                "29.15",
                "23.87"
            ],
            "big_pos": [
                "42.93",
                "28.74"
            ],
            "first_success": "1",
            "success_rate": "10/10",
            "l2_cm": "3.14",
            "l2_small_cm": "0.88",
            "l2_big_cm": "0.27"
        }
    },
    {
        "difficulty": "medium",
        "record": {
            "index": "22",
            "is_train": 0,
            "small_pos": [
                "35.99",
                "35.45"
            ],
            "big_pos": [
                "47.01",
                "28.20"
            ],
            "first_success": "0",
            "success_rate": "2/10",
            "l2_cm": "4.10",
            "l2_small_cm": "0.55",
            "l2_big_cm": "2.05"
        }
    },
    {
        "difficulty": "medium",
        "record": {
            "index": "32",
            "is_train": 0,
            "small_pos": [
                "50.15",
                "31.56"
            ],
            "big_pos": [
                "38.27",
                "28.52"
            ],
            "first_success": "0",
            "success_rate": "0/10",
            "l2_cm": "3.40",
            "l2_small_cm": "1.45",
            "l2_big_cm": "1.69"
        }
    },
    {
        "difficulty": "hard",
        "record": {
            "index": "35",
            "is_train": 0,
            "small_pos": [
                "49.67",
                "26.90"
            ],
            "big_pos": [
                "31.81",
                "31.56"
            ],
            "first_success": "1",
            "success_rate": "10/10",
            "l2_cm": "4.45",
            "l2_small_cm": "1.12",
            "l2_big_cm": "0.93"
        }
    },
    {
        "difficulty": "medium",
        "record": {
            "index": "30",
            "is_train": 0,
            "small_pos": [
                "51.00",
                "26.25"
            ],
            "big_pos": [
                "37.61",
                "28.96"
            ],
            "first_success": "0",
            "success_rate": "3/10",
            "l2_cm": "5.75",
            "l2_small_cm": "1.03",
            "l2_big_cm": "1.21"
        }
    },
    {
        "difficulty": "hard",
        "record": {
            "index": "86",
            "is_train": 0,
            "small_pos": [
                "28.68",
                "29.06"
            ],
            "big_pos": [
                "43.50",
                "26.90"
            ],
            "first_success": "1",
            "success_rate": "10/10",
            "l2_cm": "3.26",
            "l2_small_cm": "2.05",
            "l2_big_cm": "1.21"
        }
    },
    {
        "difficulty": "easy",
        "record": {
            "index": "47",
            "is_train": 0,
            "small_pos": [
                "34.09",
                "28.74"
            ],
            "big_pos": [
                "44.92",
                "27.22"
            ],
            "first_success": "0",
            "success_rate": "5/10",
            "l2_cm": "3.89",
            "l2_small_cm": "0.94",
            "l2_big_cm": "1.21"
        }
    },
    {
        "difficulty": "medium",
        "record": {
            "index": "92",
            "is_train": 0,
            "small_pos": [
                "42.74",
                "27.98"
            ],
            "big_pos": [
                "32.10",
                "27.33"
            ],
            "first_success": "0",
            "success_rate": "1/10",
            "l2_cm": "5.81",
            "l2_small_cm": "1.02",
            "l2_big_cm": "1.15"
        }
    }
]