[
    {
        "difficulty": "medium",
        "record": {
            "index": "66",
            "is_train": 0,
            "small_pos": [
                "27.92",
                "24.52"
            ],
            "big_pos": [
                "40.74",
                "29.06"
            ],
            "first_success": "1",
            "success_rate": "10/10",
            "l2_cm": "3.98",
            "l2_small_cm": "0.52",
            "l2_big_cm": "1.95"
        }
    },
    {
        "difficulty": "medium",
        "record": {
            "index": "40",
            "is_train": 0,
            "small_pos": [
                "30.58",
                "35.78"
            ],
            "big_pos": [
                "41.88",
                "26.14"
            ],
            "first_success": "0",
            "success_rate": "2/10",
            "l2_cm": "1.75",
            "l2_small_cm": "0.89",
            "l2_big_cm": "0.87"
        }
    },
    {
        "difficulty": "hard",
        "record": {
            "index": "27",
            "is_train": 0,
            "small_pos": [
                "30.48",
                "33.94"
            ],
            "big_pos": [
                "45.30",
                "26.03"
            ],
            "first_success": "0",
            "success_rate": "3/10",
            "l2_cm": "4.62",
            "l2_small_cm": "1.18",
            "l2_big_cm": "1.66"
        }
    },
    {
        "difficulty": "easy",
        "record": {
            "index": "85",
            "is_train": 0,
            "small_pos": [
                "45.87",
                "28.42"
            ],
            "big_pos": [
                "33.43",
                "31.34"
            ],
            "first_success": "1",
            "success_rate": "10/10",
            "l2_cm": "2.04",
            "l2_small_cm": "0.43",
            "l2_big_cm": "0.67"
        }
    },
    {
        "difficulty": "medium",
        "record": {
            "index": "54",
            "is_train": 0,
            "small_pos": [
                "29.15",
                "23.87"
            ],
            "big_pos": [
                "42.93",
                "28.74"
            ],
            "first_success": "1",
            "success_rate": "10/10",
            "l2_cm": "3.14",
            "l2_small_cm": "0.88",
            "l2_big_cm": "0.27"
        }
    },
    {
        "difficulty": "hard",
        "record": {
            "index": "43",
            "is_train": 0,
            "small_pos": [
                "34.76",
                "31.56"
            ],
            "big_pos": [
                "48.72",
                "27.22"
            ],
            "first_success": "1",
            "success_rate": "7/10",
            "l2_cm": "3.63",
            "l2_small_cm": "0.94",
            "l2_big_cm": "0.35"
        }
    },
    {
        "difficulty": "hard",
        "record": {
            "index": "34",
            "is_train": 0,
            "small_pos": [
                "51.10",
                "29.06"
            ],
            "big_pos": [
                "32.00",
                "25.49"
            ],
            "first_success": "0",
            "success_rate": "0/10",
            "l2_cm": "7.81",
            "l2_small_cm": "1.30",
            "l2_big_cm": "1.81"
        }
    },
    {
        "difficulty": "easy",
        "record": {
            "index": "12",
            "is_train": 0,
            "small_pos": [
                "40.65",
                "28.42"
            ],
            "big_pos": [
                "27.73",
                "28.42"
            ],
            "first_success": "0",
            "success_rate": "1/10",
            "l2_cm": "3.08",
            "l2_small_cm": "0.54",
            "l2_big_cm": "1.40"
        }
    },
    {
        "difficulty": "easy",
        "record": {
            "index": "96",
            "is_train": 0,
            "small_pos": [
                "32.19",
                "31.34"
            ],
            "big_pos": [
                "44.35",
                "28.63"
            ],
            "first_success": "0",
            "success_rate": "6/10",
            "l2_cm": "2.57",
            "l2_small_cm": "0.69",
            "l2_big_cm": "0.72"
        }
    },
    {
        "difficulty": "medium",
        "record": {
            "index": "86",
            "is_train": 0,
            "small_pos": [
                "28.68",
                "29.06"
            ],
            "big_pos": [
                "43.50",
                "26.90"
            ],
            "first_success": "1",
            "success_rate": "10/10",
            "l2_cm": "3.26",
            "l2_small_cm": "2.05",
            "l2_big_cm": "1.21"
        }
    },
    {
        "difficulty": "hard",
        "record": {
            "index": "75",
            "is_train": 0,
            "small_pos": [
                "47.96",
                "30.69"
            ],
            "big_pos": [
                "27.54",
                "29.82"
            ],
            "first_success": "1",
            "success_rate": "3/10",
            "l2_cm": "6.27",
            "l2_small_cm": "2.08",
            "l2_big_cm": "0.50"
        }
    },
    {
        "difficulty": "hard",
        "record": {
            "index": "53",
            "is_train": 0,
            "small_pos": [
                "35.80",
                "27.77"
            ],
            "big_pos": [
                "49.20",
                "33.18"
            ],
            "first_success": "1",
            "success_rate": "10/10",
            "l2_cm": "6.63",
            "l2_small_cm": "1.47",
            "l2_big_cm": "1.43"
        }
    },
    {
        "difficulty": "easy",
        "record": {
            "index": "55",
            "is_train": 0,
            "small_pos": [
                "39.51",
                "26.25"
            ],
            "big_pos": [
                "51.10",
                "28.31"
            ],
            "first_success": "1",
            "success_rate": "10/10",
            "l2_cm": "6.15",
            "l2_small_cm": "1.51",
            "l2_big_cm": "0.70"
        }
    },
    {
        "difficulty": "medium",
        "record": {
            "index": "13",
            "is_train": 0,
            "small_pos": [
                "33.14",
                "31.34"
            ],
            "big_pos": [
                "49.20",
                "27.66"
            ],
            "first_success": "0",
            "success_rate": "3/10",
            "l2_cm": "3.55",
            "l2_small_cm": "0.92",
            "l2_big_cm": "0.69"
        }
    },
    {
        "difficulty": "hard",
        "record": {
            "index": "23",
            "is_train": 0,
            "small_pos": [
                "26.21",
                "27.98"
            ],
            "big_pos": [
                "45.30",
                "30.04"
            ],
            "first_success": "1",
            "success_rate": "9/10",
            "l2_cm": "3.76",
            "l2_small_cm": "1.21",
            "l2_big_cm": "1.01"
        }
    },
    {
        "difficulty": "easy",
        "record": {
            "index": "56",
            "is_train": 0,
            "small_pos": [
                "29.91",
                "26.03"
            ],
            "big_pos": [
                "47.49",
                "30.47"
            ],
            "first_success": "1",
            "success_rate": "10/10",
            "l2_cm": "5.62",
            "l2_small_cm": "0.91",
            "l2_big_cm": "0.70"
        }
    },
    {
        "difficulty": "medium",
        "record": {
            "index": "35",
            "is_train": 0,
            "small_pos": [
                "49.67",
                "26.90"
            ],
            "big_pos": [
                "31.81",
                "31.56"
            ],
            "first_success": "1",
            "success_rate": "10/10",
            "l2_cm": "4.45",
            "l2_small_cm": "1.12",
            "l2_big_cm": "0.93"
        }
    },
    {
        "difficulty": "hard",
        "record": {
            "index": "4",
            "is_train": 0,
            "small_pos": [
                "29.06",
                "33.72"
            ],
            "big_pos": [
                "43.88",
                "26.36"
            ],
            "first_success": "1",
            "success_rate": "10/10",
            "l2_cm": "3.52",
            "l2_small_cm": "1.66",
            "l2_big_cm": "1.36"
        }
    },
    {
        "difficulty": "hard",
        "record": {
            "index": "44",
            "is_train": 0,
            "small_pos": [
                "43.88",
                "28.63"
            ],
            "big_pos": [
                "35.23",
                "29.28"
            ],
            "first_success": "0",
            "success_rate": "2/10",
            "l2_cm": "3.95",
            "l2_small_cm": "1.85",
            "l2_big_cm": "1.30"
        }
    },
    {
        "difficulty": "medium",
        "record": {
            "index": "77",
            "is_train": 0,
            "small_pos": [
                "28.77",
                "23.76"
            ],
            "big_pos": [
                "45.97",
                "26.25"
            ],
            "first_success": "1",
            "success_rate": "10/10",
            "l2_cm": "5.82",
            "l2_small_cm": "0.79",
            "l2_big_cm": "1.62"
        }
    }
]