[
    {
        "difficulty": "hard",
        "record": {
            "index": "15",
            "is_train": 0,
            "task": "Put two cubes into the cup.",
            "progress_1_rate": "3/10",
            "first_success": "0",
            "success_rate": "0/10"
        }
    },
    {
        "difficulty": "medium",
        "record": {
            "index": "38",
            "is_train": 0,
            "task": "Put one cube into the cup.",
            "first_success": "0",
            "success_rate": "0/10"
        }
    },
    {
        "difficulty": "hard",
        "record": {
            "index": "4",
            "is_train": 0,
            "task": "Put three cubes into the cup.",
            "progress_1_rate": "0/10",
            "progress_2_rate": "0/10",
            "first_success": "0",
            "success_rate": "0/10"
        }
    },
    {
        "difficulty": "hard",
        "record": {
            "index": "43",
            "is_train": 0,
            "task": "Put two cubes into the cup.",
            "progress_1_rate": "0/10",
            "first_success": "0",
            "success_rate": "0/10"
        }
    },
    {
        "difficulty": "medium",
        "record": {
            "index": "22",
            "is_train": 0,
            "task": "Put one cube into the cup.",
            "first_success": "0",
            "success_rate": "0/10"
        }
    },
    {
        "difficulty": "easy",
        "record": {
            "index": "19",
            "is_train": 0,
            "task": "Put one cube into the cup.",
            "first_success": "1",
            "success_rate": "9/11"
        }
    },
    {
        "difficulty": "hard",
        "record": {
            "index": "16",
            "is_train": 0,
            "task": "Put one cube into the cup.",
            "first_success": "0",
            "success_rate": "5/10"
        }
    },
    {
        "difficulty": "medium",
        "record": {
            "index": "22",
            "is_train": 0,
            "task": "Put one cube into the cup.",
            "first_success": "0",
            "success_rate": "6/10"
        }
    },
    {
        "difficulty": "hard",
        "record": {
            "index": "24",
            "is_train": 0,
            "task": "Put three cubes into the cup.",
            "progress_1_rate": "3/10",
            "progress_2_rate": "0/10",
            "first_success": "0",
            "success_rate": "0/10"
        }
    },
    {
        "difficulty": "hard",
        "record": {
            "index": "30",
            "is_train": 0,
            "task": "Put three cubes into the cup.",
            "progress_1_rate": "0/10",
            "progress_2_rate": "0/10",
            "first_success": "0",
            "success_rate": "0/10"
        }
    },
    {
        "difficulty": "medium",
        "record": {
            "index": "18",
            "is_train": 0,
            "task": "Put one cube into the cup.",
            "first_success": "0",
            "success_rate": "5/10"
        }
    },
    {
        "difficulty": "hard",
        "record": {
            "index": "36",
            "is_train": 0,
            "task": "Put two cubes into the cup.",
            "progress_1_rate": "0/10",
            "first_success": "0",
            "success_rate": "0/10"
        }
    },
    {
        "difficulty": "hard",
        "record": {
            "index": "27",
            "is_train": 0,
            "task": "Put one cube into the cup.",
            "first_success": "0",
            "success_rate": "0/10"
        }
    },
    {
        "difficulty": "medium",
        "record": {
            "index": "28",
            "is_train": 0,
            "task": "Put two cubes into the cup.",
            "progress_1_rate": "1/10",
            "first_success": "0",
            "success_rate": "1/10"
        }
    },
    {
        "difficulty": "hard",
        "record": {
            "index": "29",
            "is_train": 0,
            "task": "Put two cubes into the cup.",
            "progress_1_rate": "2/10",
            "first_success": "0",
            "success_rate": "0/10"
        }
    },
    {
        "difficulty": "medium",
        "record": {
            "index": "47",
            "is_train": 0,
            "task": "Put one cube into the cup.",
            "first_success": "0",
            "success_rate": "4/10"
        }
    },
    {
        "difficulty": "medium",
        "record": {
            "index": "23",
            "is_train": 0,
            "task": "Put two cubes into the cup.",
            "progress_1_rate": "5/10",
            "first_success": "0",
            "success_rate": "0/10"
        }
    },
    {
        "difficulty": "hard",
        "record": {
            "index": "33",
            "is_train": 0,
            "task": "Put three cubes into the cup.",
            "progress_1_rate": "2/10",
            "progress_2_rate": "4/10",
            "first_success": "0",
            "success_rate": "0/10"
        }
    },
    {
        "difficulty": "medium",
        "record": {
            "index": "20",
            "is_train": 0,
            "task": "Put one cube into the cup.",
            "first_success": "0",
            "success_rate": "4/10"
        }
    },
    {
        "difficulty": "hard",
        "record": {
            "index": "34",
            "is_train": 0,
            "task": "Put two cubes into the cup.",
            "progress_1_rate": "0/10",
            "first_success": "0",
            "success_rate": "0/10"
        }
    }
]