[
    {
        "difficulty": "hard",
        "record": {
            "index": "64",
            "front_img": "./test/front_64.png",
            "side_img": "./test/side_64.png",
            "small_pos": [
                "47.77",
                "35.89"
            ],
            "big_pos": [
                "28.20",
                "29.71"
            ],
            "first_success": "0",
            "success_rate": "3/10",
            "l2_cm": "2.85",
            "l2_small_cm": "1.78",
            "l2_big_cm": "0.35"
        }
    },
    {
        "difficulty": "medium",
        "record": {
            "index": "40",
            "front_img": "./test/front_40.png",
            "side_img": "./test/side_40.png",
            "small_pos": [
                "30.58",
                "35.78"
            ],
            "big_pos": [
                "41.88",
                "26.14"
            ],
            "first_success": "1",
            "success_rate": "16/19",
            "l2_cm": "1.75",
            "l2_small_cm": "0.89",
            "l2_big_cm": "0.87"
        }
    },
    {
        "difficulty": "hard",
        "record": {
            "index": "15",
            "front_img": "./test/front_15.png",
            "side_img": "./test/side_15.png",
            "small_pos": [
                "48.15",
                "30.04"
            ],
            "big_pos": [
                "38.94",
                "33.07"
            ],
            "first_success": "0",
            "success_rate": "7/10",
            "l2_cm": "4.42",
            "l2_small_cm": "2.15",
            "l2_big_cm": "1.07"
        }
    },
    {
        "difficulty": "hard",
        "record": {
            "index": "39",
            "front_img": "./test/front_39.png",
            "side_img": "./test/side_39.png",
            "small_pos": [
                "27.06",
                "23.54"
            ],
            "big_pos": [
                "41.22",
                "28.09"
            ],
            "first_success": "0",
            "success_rate": "5/10",
            "l2_cm": "4.42",
            "l2_small_cm": "1.04",
            "l2_big_cm": "1.34"
        }
    },
    {
        "difficulty": "NA",
        "record": {
            "index": "63",
            "front_img": "./test/front_63.png",
            "side_img": "./test/side_63.png",
            "small_pos": [
                "28.87",
                "23.76"
            ],
            "big_pos": [
                "41.22",
                "29.39"
            ],
            "first_success": "1",
            "success_rate": "7/10",
            "l2_cm": "3.17",
            "l2_small_cm": "0.77",
            "l2_big_cm": "1.62"
        }
    },
    {
        "difficulty": "hard",
        "record": {
            "index": "9",
            "front_img": "./test/front_9.png",
            "side_img": "./test/side_9.png",
            "small_pos": [
                "28.68",
                "23.97"
            ],
            "big_pos": [
                "48.34",
                "25.82"
            ],
            "first_success": "0",
            "success_rate": "5/10",
            "l2_cm": "7.91",
            "l2_small_cm": "0.68",
            "l2_big_cm": "1.05"
        }
    },
    {
        "difficulty": "medium",
        "record": {
            "index": "4",
            "front_img": "./test/front_4.png",
            "side_img": "./test/side_4.png",
            "small_pos": [
                "29.06",
                "33.72"
            ],
            "big_pos": [
                "43.88",
                "26.36"
            ],
            "first_success": "0",
            "success_rate": "1/10",
            "l2_cm": "3.52",
            "l2_small_cm": "1.66",
            "l2_big_cm": "1.36"
        }
    },
    {
        "difficulty": "easy",
        "record": {
            "index": "8",
            "front_img": "./test/front_8.png",
            "side_img": "./test/side_8.png",
            "small_pos": [
                "28.68",
                "25.60"
            ],
            "big_pos": [
                "39.32",
                "32.86"
            ],
            "first_success": "1",
            "success_rate": "10/10",
            "l2_cm": "5.52",
            "l2_small_cm": "0.51",
            "l2_big_cm": "0.91"
        }
    },
    {
        "difficulty": "medium",
        "record": {
            "index": "61",
            "front_img": "./test/front_61.png",
            "side_img": "./test/side_61.png",
            "small_pos": [
                "46.25",
                "35.67"
            ],
            "big_pos": [
                "27.82",
                "25.06"
            ],
            "first_success": "0",
            "success_rate": "0/10",
            "l2_cm": "4.53",
            "l2_small_cm": "0.42",
            "l2_big_cm": "0.19"
        }
    },
    {
        "difficulty": "medium",
        "record": {
            "index": "29",
            "front_img": "./test/front_29.png",
            "side_img": "./test/side_29.png",
            "small_pos": [
                "26.21",
                "24.95"
            ],
            "big_pos": [
                "41.60",
                "29.50"
            ],
            "first_success": "1",
            "success_rate": "10/10",
            "l2_cm": "4.13",
            "l2_small_cm": "0.79",
            "l2_big_cm": "1.49"
        }
    },
    {
        "difficulty": "medium",
        "record": {
            "index": "72",
            "front_img": "./test/front_72.png",
            "side_img": "./test/side_72.png",
            "small_pos": [
                "27.54",
                "29.82"
            ],
            "big_pos": [
                "49.77",
                "30.91"
            ],
            "first_success": "1",
            "success_rate": "5/10",
            "l2_cm": "7.16",
            "l2_small_cm": "1.26",
            "l2_big_cm": "1.12"
        }
    },
    {
        "difficulty": "medium",
        "record": {
            "index": "67",
            "front_img": "./test/front_67.png",
            "side_img": "./test/side_67.png",
            "small_pos": [
                "28.39",
                "30.26"
            ],
            "big_pos": [
                "45.11",
                "32.53"
            ],
            "first_success": "1",
            "success_rate": "8/10",
            "l2_cm": "5.54",
            "l2_small_cm": "0.84",
            "l2_big_cm": "1.47"
        }
    },
    {
        "difficulty": "hard",
        "record": {
            "index": "33",
            "front_img": "./test/front_33.png",
            "side_img": "./test/side_33.png",
            "small_pos": [
                "27.63",
                "28.52"
            ],
            "big_pos": [
                "35.61",
                "27.22"
            ],
            "first_success": "0",
            "success_rate": "3/10",
            "l2_cm": "5.80",
            "l2_small_cm": "1.65",
            "l2_big_cm": "0.99"
        }
    },
    {
        "difficulty": "easy",
        "record": {
            "index": "27",
            "front_img": "./test/front_27.png",
            "side_img": "./test/side_27.png",
            "small_pos": [
                "30.48",
                "33.94"
            ],
            "big_pos": [
                "45.30",
                "26.03"
            ],
            "first_success": "0",
            "success_rate": "1/10",
            "l2_cm": "4.62",
            "l2_small_cm": "1.18",
            "l2_big_cm": "1.66"
        }
    },
    {
        "difficulty": "hard",
        "record": {
            "index": "34",
            "front_img": "./test/front_34.png",
            "side_img": "./test/side_34.png",
            "small_pos": [
                "51.10",
                "29.06"
            ],
            "big_pos": [
                "32.00",
                "25.49"
            ],
            "first_success": "0",
            "success_rate": "1/10",
            "l2_cm": "7.81",
            "l2_small_cm": "1.30",
            "l2_big_cm": "1.81"
        }
    },
    {
        "difficulty": "hard",
        "record": {
            "index": "69",
            "front_img": "./test/front_69.png",
            "side_img": "./test/side_69.png",
            "small_pos": [
                "48.91",
                "24.30"
            ],
            "big_pos": [
                "31.72",
                "28.42"
            ],
            "first_success": "0",
            "success_rate": "0/10",
            "l2_cm": "5.56",
            "l2_small_cm": "1.30",
            "l2_big_cm": "1.59"
        }
    },
    {
        "difficulty": "hard",
        "record": {
            "index": "26",
            "front_img": "./test/front_26.png",
            "side_img": "./test/side_26.png",
            "small_pos": [
                "27.92",
                "35.56"
            ],
            "big_pos": [
                "38.08",
                "25.82"
            ],
            "first_success": "0",
            "success_rate": "0/10",
            "l2_cm": "5.95",
            "l2_small_cm": "0.57",
            "l2_big_cm": "1.50"
        }
    },
    {
        "difficulty": "hard",
        "record": {
            "index": "56",
            "front_img": "./test/front_56.png",
            "side_img": "./test/side_56.png",
            "small_pos": [
                "29.91",
                "26.03"
            ],
            "big_pos": [
                "47.49",
                "30.47"
            ],
            "first_success": "1",
            "success_rate": "3/11",
            "l2_cm": "5.62",
            "l2_small_cm": "0.91",
            "l2_big_cm": "0.70"
        }
    },
    {
        "difficulty": "hard",
        "record": {
            "index": "31",
            "front_img": "./test/front_31.png",
            "side_img": "./test/side_31.png",
            "small_pos": [
                "50.53",
                "33.18"
            ],
            "big_pos": [
                "27.54",
                "25.27"
            ],
            "first_success": "0",
            "success_rate": "1/10",
            "l2_cm": "4.10",
            "l2_small_cm": "0.56",
            "l2_big_cm": "0.54"
        }
    },
    {
        "difficulty": "medium",
        "record": {
            "index": "7",
            "front_img": "./test/front_7.png",
            "side_img": "./test/side_7.png",
            "small_pos": [
                "27.06",
                "23.97"
            ],
            "big_pos": [
                "43.50",
                "30.04"
            ],
            "first_success": "1",
            "success_rate": "9/10",
            "l2_cm": "1.94",
            "l2_small_cm": "0.94",
            "l2_big_cm": "0.50"
        }
    }
]