[
    {
        "difficulty": "hard",
        "record": {
            "index": "6",
            "is_train": 0,
            "task": "Put three cubes into the cup.",
            "progress_1_rate": "0/10",
            "progress_2_rate": "1/10",
            "first_success": "0",
            "success_rate": "0/10"
        }
    },
    {
        "difficulty": "medium",
        "record": {
            "index": "36",
            "is_train": 0,
            "task": "Put two cubes into the cup.",
            "progress_1_rate": "1/10",
            "first_success": "0",
            "success_rate": "0/10"
        }
    },
    {
        "difficulty": "hard",
        "record": {
            "index": "16",
            "is_train": 0,
            "task": "Put two cubes into the cup.",
            "progress_1_rate": "1/10",
            "first_success": "1",
            "success_rate": "4/10"
        }
    },
    {
        "difficulty": "hard",
        "record": {
            "index": "31",
            "is_train": 0,
            "task": "Put two cubes into the cup.",
            "progress_1_rate": "1/10",
            "first_success": "0",
            "success_rate": "0/10"
        }
    },
    {
        "difficulty": "medium",
        "record": {
            "index": "38",
            "is_train": 0,
            "task": "Put two cubes into the cup.",
            "progress_1_rate": "0/10",
            "first_success": "0",
            "success_rate": "0/10"
        }
    },
    {
        "difficulty": "hard",
        "record": {
            "index": "36",
            "is_train": 0,
            "task": "Put three cubes into the cup.",
            "progress_1_rate": "0/10",
            "progress_2_rate": "0/10",
            "first_success": "0",
            "success_rate": "0/10"
        }
    },
    {
        "difficulty": "hard",
        "record": {
            "index": "37",
            "is_train": 0,
            "task": "Put three cubes into the cup.",
            "progress_1_rate": "1/10",
            "progress_2_rate": "3/10",
            "first_success": "0",
            "success_rate": "4/10"
        }
    },
    {
        "difficulty": "hard",
        "record": {
            "index": "1",
            "is_train": 0,
            "task": "Put one cube into the cup.",
            "first_success": "0",
            "success_rate": "5/10"
        }
    },
    {
        "difficulty": "medium",
        "record": {
            "index": "39",
            "is_train": 0,
            "task": "Put one cube into the cup.",
            "first_success": "0",
            "success_rate": "0/10"
        }
    },
    {
        "difficulty": "medium",
        "record": {
            "index": "20",
            "is_train": 0,
            "task": "Put one cube into the cup.",
            "first_success": "0",
            "success_rate": "4/10"
        }
    },
    {
        "difficulty": "hard",
        "record": {
            "index": "42",
            "is_train": 0,
            "task": "Put one cube into the cup.",
            "first_success": "0",
            "success_rate": "4/10"
        }
    },
    {
        "difficulty": "medium",
        "record": {
            "index": "10",
            "is_train": 0,
            "task": "Put one cube into the cup.",
            "first_success": "1",
            "success_rate": "5/10"
        }
    },
    {
        "difficulty": "hard",
        "record": {
            "index": "13",
            "is_train": 0,
            "task": "Put two cubes into the cup.",
            "progress_1_rate": "9/10",
            "first_success": "0",
            "success_rate": "0/10"
        }
    },
    {
        "difficulty": "medium",
        "record": {
            "index": "12",
            "is_train": 0,
            "task": "Put one cube into the cup.",
            "first_success": "1",
            "success_rate": "7/10"
        }
    },
    {
        "difficulty": "medium",
        "record": {
            "index": "9",
            "is_train": 0,
            "task": "Put one cube into the cup.",
            "first_success": "0",
            "success_rate": "2/10"
        }
    },
    {
        "difficulty": "hard",
        "record": {
            "index": "43",
            "is_train": 0,
            "task": "Put two cubes into the cup.",
            "progress_1_rate": "0/10",
            "first_success": "0",
            "success_rate": "0/10"
        }
    },
    {
        "difficulty": "hard",
        "record": {
            "index": "26",
            "is_train": 0,
            "task": "Put two cubes into the cup.",
            "progress_1_rate": "3/10",
            "first_success": "0",
            "success_rate": "2/10"
        }
    },
    {
        "difficulty": "medium",
        "record": {
            "index": "20",
            "is_train": 0,
            "task": "Put two cubes into the cup.",
            "progress_1_rate": "0/10",
            "first_success": "0",
            "success_rate": "0/10"
        }
    },
    {
        "difficulty": "hard",
        "record": {
            "index": "49",
            "is_train": 0,
            "task": "Put one cube into the cup.",
            "first_success": "0",
            "success_rate": "0/10"
        }
    },
    {
        "difficulty": "hard",
        "record": {
            "index": "16",
            "is_train": 0,
            "task": "Put two cubes into the cup.",
            "progress_1_rate": "1/10",
            "first_success": "0",
            "success_rate": "0/10"
        }
    }
]