[
    {
        "difficulty": "hard",
        "record": {
            "index": "39",
            "front_img": "./test/front_39.png",
            "side_img": "./test/side_39.png",
            "small_pos": [
                "27.06",
                "23.54"
            ],
            "big_pos": [
                "41.22",
                "28.09"
            ],
            "first_success": "0",
            "success_rate": "5/10",
            "l2_cm": "4.42",
            "l2_small_cm": "1.04",
            "l2_big_cm": "1.34"
        }
    },
    {
        "difficulty": "medium",
        "record": {
            "index": "66",
            "front_img": "./test/front_66.png",
            "side_img": "./test/side_66.png",
            "small_pos": [
                "27.92",
                "24.52"
            ],
            "big_pos": [
                "40.74",
                "29.06"
            ],
            "first_success": "1",
            "success_rate": "7/10",
            "l2_cm": "3.98",
            "l2_small_cm": "0.52",
            "l2_big_cm": "1.95"
        }
    },
    {
        "difficulty": "hard",
        "record": {
            "index": "5",
            "front_img": "./test/front_5.png",
            "side_img": "./test/side_5.png",
            "small_pos": [
                "31.24",
                "24.73"
            ],
            "big_pos": [
                "37.99",
                "30.91"
            ],
            "first_success": "0",
            "success_rate": "0/10",
            "l2_cm": "6.67",
            "l2_small_cm": "1.48",
            "l2_big_cm": "0.99"
        }
    },
    {
        "difficulty": "hard",
        "record": {
            "index": "33",
            "front_img": "./test/front_33.png",
            "side_img": "./test/side_33.png",
            "small_pos": [
                "27.63",
                "28.52"
            ],
            "big_pos": [
                "35.61",
                "27.22"
            ],
            "first_success": "0",
            "success_rate": "3/10",
            "l2_cm": "5.80",
            "l2_small_cm": "1.65",
            "l2_big_cm": "0.99"
        }
    },
    {
        "difficulty": "hard",
        "record": {
            "index": "73",
            "front_img": "./test/front_73.png",
            "side_img": "./test/side_73.png",
            "small_pos": [
                "25.16",
                "34.91"
            ],
            "big_pos": [
                "44.64",
                "26.57"
            ],
            "first_success": "1",
            "success_rate": "2/10",
            "l2_cm": "3.11",
            "l2_small_cm": "0.18",
            "l2_big_cm": "1.56"
        }
    },
    {
        "difficulty": "medium",
        "record": {
            "index": "67",
            "front_img": "./test/front_67.png",
            "side_img": "./test/side_67.png",
            "small_pos": [
                "28.39",
                "30.26"
            ],
            "big_pos": [
                "45.11",
                "32.53"
            ],
            "first_success": "1",
            "success_rate": "8/10",
            "l2_cm": "5.54",
            "l2_small_cm": "0.84",
            "l2_big_cm": "1.47"
        }
    },
    {
        "difficulty": "medium",
        "record": {
            "index": "50",
            "front_img": "./test/front_50.png",
            "side_img": "./test/side_50.png",
            "small_pos": [
                "29.06",
                "24.52"
            ],
            "big_pos": [
                "38.18",
                "30.04"
            ],
            "first_success": "1",
            "success_rate": "6/10",
            "l2_cm": "5.66",
            "l2_small_cm": "1.18",
            "l2_big_cm": "1.18"
        }
    },
    {
        "difficulty": "medium",
        "record": {
            "index": "91",
            "front_img": "./test/front_91.png",
            "side_img": "./test/side_91.png",
            "small_pos": [
                "31.72",
                "29.82"
            ],
            "big_pos": [
                "42.36",
                "32.42"
            ],
            "first_success": "0",
            "success_rate": "2/10",
            "l2_cm": "5.19",
            "l2_small_cm": "0.87",
            "l2_big_cm": "0.77"
        }
    },
    {
        "difficulty": "hard",
        "record": {
            "index": "47",
            "front_img": "./test/front_47.png",
            "side_img": "./test/side_47.png",
            "small_pos": [
                "34.09",
                "28.74"
            ],
            "big_pos": [
                "44.92",
                "27.22"
            ],
            "first_success": "0",
            "success_rate": "5/10",
            "l2_cm": "3.89",
            "l2_small_cm": "0.94",
            "l2_big_cm": "1.21"
        }
    },
    {
        "difficulty": "hard",
        "record": {
            "index": "54",
            "front_img": "./test/front_54.png",
            "side_img": "./test/side_54.png",
            "small_pos": [
                "29.15",
                "23.87"
            ],
            "big_pos": [
                "42.93",
                "28.74"
            ],
            "first_success": "0",
            "success_rate": "6/10",
            "l2_cm": "3.14",
            "l2_small_cm": "0.88",
            "l2_big_cm": "0.27"
        }
    },
    {
        "difficulty": "medium",
        "record": {
            "index": "81",
            "front_img": "./test/front_81.png",
            "side_img": "./test/side_81.png",
            "small_pos": [
                "26.30",
                "24.73"
            ],
            "big_pos": [
                "38.27",
                "27.77"
            ],
            "first_success": "0",
            "success_rate": "7/10",
            "l2_cm": "2.38",
            "l2_small_cm": "0.75",
            "l2_big_cm": "1.06"
        }
    },
    {
        "difficulty": "hard",
        "record": {
            "index": "9",
            "front_img": "./test/front_9.png",
            "side_img": "./test/side_9.png",
            "small_pos": [
                "28.68",
                "23.97"
            ],
            "big_pos": [
                "48.34",
                "25.82"
            ],
            "first_success": "0",
            "success_rate": "5/10",
            "l2_cm": "7.91",
            "l2_small_cm": "0.68",
            "l2_big_cm": "1.05"
        }
    },
    {
        "difficulty": "hard",
        "record": {
            "index": "44",
            "front_img": "./test/front_44.png",
            "side_img": "./test/side_44.png",
            "small_pos": [
                "43.88",
                "28.63"
            ],
            "big_pos": [
                "35.23",
                "29.28"
            ],
            "first_success": "0",
            "success_rate": "0/10",
            "l2_cm": "3.95",
            "l2_small_cm": "1.85",
            "l2_big_cm": "1.30"
        }
    },
    {
        "difficulty": "medium",
        "record": {
            "index": "3",
            "front_img": "./test/front_3.png",
            "side_img": "./test/side_3.png",
            "small_pos": [
                "47.68",
                "26.57"
            ],
            "big_pos": [
                "30.48",
                "32.21"
            ],
            "first_success": "0",
            "success_rate": "0/10",
            "l2_cm": "5.26",
            "l2_small_cm": "1.44",
            "l2_big_cm": "0.56"
        }
    },
    {
        "difficulty": "medium",
        "record": {
            "index": "75",
            "front_img": "./test/front_75.png",
            "side_img": "./test/side_75.png",
            "small_pos": [
                "47.96",
                "30.69"
            ],
            "big_pos": [
                "27.54",
                "29.82"
            ],
            "first_success": "0",
            "success_rate": "4/10",
            "l2_cm": "6.27",
            "l2_small_cm": "2.08",
            "l2_big_cm": "0.50"
        }
    },
    {
        "difficulty": "medium",
        "record": {
            "index": "18",
            "front_img": "./test/front_18.png",
            "side_img": "./test/side_18.png",
            "small_pos": [
                "29.06",
                "32.64"
            ],
            "big_pos": [
                "40.93",
                "28.31"
            ],
            "first_success": "0",
            "success_rate": "1/10",
            "l2_cm": "4.04",
            "l2_small_cm": "1.95",
            "l2_big_cm": "1.69"
        }
    },
    {
        "difficulty": "hard",
        "record": {
            "index": "59",
            "front_img": "./test/front_59.png",
            "side_img": "./test/side_59.png",
            "small_pos": [
                "51.67",
                "32.21"
            ],
            "big_pos": [
                "37.23",
                "29.61"
            ],
            "first_success": "0",
            "success_rate": "0/10",
            "l2_cm": "2.30",
            "l2_small_cm": "1.85",
            "l2_big_cm": "0.45"
        }
    },
    {
        "difficulty": "easy",
        "record": {
            "index": "53",
            "front_img": "./test/front_53.png",
            "side_img": "./test/side_53.png",
            "small_pos": [
                "35.80",
                "27.77"
            ],
            "big_pos": [
                "49.20",
                "33.18"
            ],
            "first_success": "1",
            "success_rate": "10/10",
            "l2_cm": "6.63",
            "l2_small_cm": "1.47",
            "l2_big_cm": "1.43"
        }
    },
    {
        "difficulty": "easy",
        "record": {
            "index": "23",
            "front_img": "./test/front_23.png",
            "side_img": "./test/side_23.png",
            "small_pos": [
                "26.21",
                "27.98"
            ],
            "big_pos": [
                "45.30",
                "30.04"
            ],
            "first_success": "0",
            "success_rate": "4/10",
            "l2_cm": "3.76",
            "l2_small_cm": "1.21",
            "l2_big_cm": "1.01"
        }
    },
    {
        "difficulty": "hard",
        "record": {
            "index": "15",
            "front_img": "./test/front_15.png",
            "side_img": "./test/side_15.png",
            "small_pos": [
                "48.15",
                "30.04"
            ],
            "big_pos": [
                "38.94",
                "33.07"
            ],
            "first_success": "0",
            "success_rate": "7/10",
            "l2_cm": "4.42",
            "l2_small_cm": "2.15",
            "l2_big_cm": "1.07"
        }
    }
]